province,procedure,year,volume,p50_wait_days,p90_wait_days,pct_meeting_benchmark,pop_65plus,pop_source,pop_vintage,procedures_per_100k_65plus,rate_basis,reporting_window,provenance,provenance_flag,confidence_interval,cihi_table,cihi_sheet,cihi_source_rows
Alberta,Hip,2020,3846.0,176.0,382.0,51.6,606936,Table 17-10-0005-01 (Product ID 17100005; CANSIM 051-0001),July 1 estimate of the calendar year the fiscal year opens in,633.7,"12-month (fiscal year) count per 100,000 population 65+; this IS an annual rate","Fiscal year, April-March (12 months)",Provincial ministry/agency submission (aggregate),self-reported,"not available - CIHI publishes aggregate percentiles, not case-level data","Table 1  Wait times for priority procedures, by province and Canada, 2008 to 2025",Table 1,12066;12067;12068;12069
British Columbia,Hip,2020,6378.0,135.0,322.0,63.5,982576,Table 17-10-0005-01 (Product ID 17100005; CANSIM 051-0001),July 1 estimate of the calendar year the fiscal year opens in,649.1,"12-month (fiscal year) count per 100,000 population 65+; this IS an annual rate","Fiscal year, April-March (12 months)",Provincial ministry/agency submission (aggregate),self-reported,"not available - CIHI publishes aggregate percentiles, not case-level data","Table 1  Wait times for priority procedures, by province and Canada, 2008 to 2025",Table 1,12106;12107;12108;12109
Manitoba,Hip,2020,1357.0,174.0,413.0,52.0,222516,Table 17-10-0005-01 (Product ID 17100005; CANSIM 051-0001),July 1 estimate of the calendar year the fiscal year opens in,609.8,"12-month (fiscal year) count per 100,000 population 65+; this IS an annual rate","Fiscal year, April-March (12 months)",Provincial ministry/agency submission (aggregate),self-reported,"not available - CIHI publishes aggregate percentiles, not case-level data","Table 1  Wait times for priority procedures, by province and Canada, 2008 to 2025",Table 1,12146;12147;12148;12149
New Brunswick,Hip,2020,1108.0,265.0,511.0,36.0,172296,Table 17-10-0005-01 (Product ID 17100005; CANSIM 051-0001),July 1 estimate of the calendar year the fiscal year opens in,643.1,"12-month (fiscal year) count per 100,000 population 65+; this IS an annual rate","Fiscal year, April-March (12 months)",Provincial ministry/agency submission (aggregate),self-reported,"not available - CIHI publishes aggregate percentiles, not case-level data","Table 1  Wait times for priority procedures, by province and Canada, 2008 to 2025",Table 1,12186;12187;12188;12189
Newfoundland and Labrador,Hip,2020,366.0,155.0,426.0,56.0,118470,Table 17-10-0005-01 (Product ID 17100005; CANSIM 051-0001),July 1 estimate of the calendar year the fiscal year opens in,308.9,"12-month (fiscal year) count per 100,000 population 65+; this IS an annual rate","Fiscal year, April-March (12 months)",Provincial ministry/agency submission (aggregate),self-reported,"not available - CIHI publishes aggregate percentiles, not case-level data","Table 1  Wait times for priority procedures, by province and Canada, 2008 to 2025",Table 1,12230;12231;12232;12233
Nova Scotia,Hip,2020,1258.0,153.0,569.0,56.2,210159,Table 17-10-0005-01 (Product ID 17100005; CANSIM 051-0001),July 1 estimate of the calendar year the fiscal year opens in,598.6,"12-month (fiscal year) count per 100,000 population 65+; this IS an annual rate","Fiscal year, April-March (12 months)",Provincial ministry/agency submission (aggregate),self-reported,"not available - CIHI publishes aggregate percentiles, not case-level data","Table 1  Wait times for priority procedures, by province and Canada, 2008 to 2025",Table 1,12270;12271;12272;12273
Ontario,Hip,2020,15381.0,99.0,329.0,71.6598400624147,2587513,Table 17-10-0005-01 (Product ID 17100005; CANSIM 051-0001),July 1 estimate of the calendar year the fiscal year opens in,594.4,"12-month (fiscal year) count per 100,000 population 65+; this IS an annual rate","Fiscal year, April-March (12 months)",Provincial ministry/agency submission (aggregate),self-reported,"not available - CIHI publishes aggregate percentiles, not case-level data","Table 1  Wait times for priority procedures, by province and Canada, 2008 to 2025",Table 1,12310;12311;12312;12313
Prince Edward Island,Hip,2020,261.0,166.4,441.1,53.8,31993,Table 17-10-0005-01 (Product ID 17100005; CANSIM 051-0001),July 1 estimate of the calendar year the fiscal year opens in,815.8,"12-month (fiscal year) count per 100,000 population 65+; this IS an annual rate","Fiscal year, April-March (12 months)",Provincial ministry/agency submission (aggregate),self-reported,"not available - CIHI publishes aggregate percentiles, not case-level data","Table 1  Wait times for priority procedures, by province and Canada, 2008 to 2025",Table 1,12354;12355;12356;12357
Quebec,Hip,2020,6078.0,161.0,370.0,55.5116814741691,1673371,Table 17-10-0005-01 (Product ID 17100005; CANSIM 051-0001),July 1 estimate of the calendar year the fiscal year opens in,363.2,"12-month (fiscal year) count per 100,000 population 65+; this IS an annual rate","Fiscal year, April-March (12 months)",Provincial ministry/agency submission (aggregate),self-reported,"not available - CIHI publishes aggregate percentiles, not case-level data","Table 1  Wait times for priority procedures, by province and Canada, 2008 to 2025",Table 1,12394;12395;12396;12397
Saskatchewan,Hip,2020,1105.0,226.0,502.0,43.5294117647059,192121,Table 17-10-0005-01 (Product ID 17100005; CANSIM 051-0001),July 1 estimate of the calendar year the fiscal year opens in,575.2,"12-month (fiscal year) count per 100,000 population 65+; this IS an annual rate","Fiscal year, April-March (12 months)",Provincial ministry/agency submission (aggregate),self-reported,"not available - CIHI publishes aggregate percentiles, not case-level data","Table 1  Wait times for priority procedures, by province and Canada, 2008 to 2025",Table 1,12434;12435;12436;12437
Alberta,Hip,2021,3988.0,179.0,427.0,51.2,636049,Table 17-10-0005-01 (Product ID 17100005; CANSIM 051-0001),July 1 estimate of the calendar year the fiscal year opens in,627.0,"12-month (fiscal year) count per 100,000 population 65+; this IS an annual rate","Fiscal year, April-March (12 months)",Provincial ministry/agency submission (aggregate),self-reported,"not available - CIHI publishes aggregate percentiles, not case-level data","Table 1  Wait times for priority procedures, by province and Canada, 2008 to 2025",Table 1,12962;12963;12964;12965
British Columbia,Hip,2021,6603.0,113.0,295.0,71.3009238225049,1018096,Table 17-10-0005-01 (Product ID 17100005; CANSIM 051-0001),July 1 estimate of the calendar year the fiscal year opens in,648.6,"12-month (fiscal year) count per 100,000 population 65+; this IS an annual rate","Fiscal year, April-March (12 months)",Provincial ministry/agency submission (aggregate),self-reported,"not available - CIHI publishes aggregate percentiles, not case-level data","Table 1  Wait times for priority procedures, by province and Canada, 2008 to 2025",Table 1,13002;13003;13004;13005
Manitoba,Hip,2021,1464.0,179.0,478.0,51.0,229374,Table 17-10-0005-01 (Product ID 17100005; CANSIM 051-0001),July 1 estimate of the calendar year the fiscal year opens in,638.3,"12-month (fiscal year) count per 100,000 population 65+; this IS an annual rate","Fiscal year, April-March (12 months)",Provincial ministry/agency submission (aggregate),self-reported,"not available - CIHI publishes aggregate percentiles, not case-level data","Table 1  Wait times for priority procedures, by province and Canada, 2008 to 2025",Table 1,13042;13043;13044;13045
New Brunswick,Hip,2021,950.0,178.0,475.0,51.0,178652,Table 17-10-0005-01 (Product ID 17100005; CANSIM 051-0001),July 1 estimate of the calendar year the fiscal year opens in,531.8,"12-month (fiscal year) count per 100,000 population 65+; this IS an annual rate","Fiscal year, April-March (12 months)",Provincial ministry/agency submission (aggregate),self-reported,"not available - CIHI publishes aggregate percentiles, not case-level data","Table 1  Wait times for priority procedures, by province and Canada, 2008 to 2025",Table 1,13082;13083;13084;13085
Newfoundland and Labrador,Hip,2021,427.0,169.0,458.0,55.0,123208,Table 17-10-0005-01 (Product ID 17100005; CANSIM 051-0001),July 1 estimate of the calendar year the fiscal year opens in,346.6,"12-month (fiscal year) count per 100,000 population 65+; this IS an annual rate","Fiscal year, April-March (12 months)",Provincial ministry/agency submission (aggregate),self-reported,"not available - CIHI publishes aggregate percentiles, not case-level data","Table 1  Wait times for priority procedures, by province and Canada, 2008 to 2025",Table 1,13126;13127;13128;13129
Nova Scotia,Hip,2021,1089.0,152.0,588.0,59.0,217785,Table 17-10-0005-01 (Product ID 17100005; CANSIM 051-0001),July 1 estimate of the calendar year the fiscal year opens in,500.0,"12-month (fiscal year) count per 100,000 population 65+; this IS an annual rate","Fiscal year, April-March (12 months)",Provincial ministry/agency submission (aggregate),self-reported,"not available - CIHI publishes aggregate percentiles, not case-level data","Table 1  Wait times for priority procedures, by province and Canada, 2008 to 2025",Table 1,13166;13167;13168;13169
Ontario,Hip,2021,15070.0,104.0,303.0,74.293297942933,2671337,Table 17-10-0005-01 (Product ID 17100005; CANSIM 051-0001),July 1 estimate of the calendar year the fiscal year opens in,564.1,"12-month (fiscal year) count per 100,000 population 65+; this IS an annual rate","Fiscal year, April-March (12 months)",Provincial ministry/agency submission (aggregate),self-reported,"not available - CIHI publishes aggregate percentiles, not case-level data","Table 1  Wait times for priority procedures, by province and Canada, 2008 to 2025",Table 1,13206;13207;13208;13209
Prince Edward Island,Hip,2021,273.0,147.6,405.0,59.3,33293,Table 17-10-0005-01 (Product ID 17100005; CANSIM 051-0001),July 1 estimate of the calendar year the fiscal year opens in,820.0,"12-month (fiscal year) count per 100,000 population 65+; this IS an annual rate","Fiscal year, April-March (12 months)",Provincial ministry/agency submission (aggregate),self-reported,"not available - CIHI publishes aggregate percentiles, not case-level data","Table 1  Wait times for priority procedures, by province and Canada, 2008 to 2025",Table 1,13250;13251;13252;13253
Quebec,Hip,2021,7801.0,179.0,448.0,50.8524548134855,1727292,Table 17-10-0005-01 (Product ID 17100005; CANSIM 051-0001),July 1 estimate of the calendar year the fiscal year opens in,451.6,"12-month (fiscal year) count per 100,000 population 65+; this IS an annual rate","Fiscal year, April-March (12 months)",Provincial ministry/agency submission (aggregate),self-reported,"not available - CIHI publishes aggregate percentiles, not case-level data","Table 1  Wait times for priority procedures, by province and Canada, 2008 to 2025",Table 1,13290;13291;13292;13293
Saskatchewan,Hip,2021,1481.0,255.5,594.0,40.1080351114112,198565,Table 17-10-0005-01 (Product ID 17100005; CANSIM 051-0001),July 1 estimate of the calendar year the fiscal year opens in,745.9,"12-month (fiscal year) count per 100,000 population 65+; this IS an annual rate","Fiscal year, April-March (12 months)",Provincial ministry/agency submission (aggregate),self-reported,"not available - CIHI publishes aggregate percentiles, not case-level data","Table 1  Wait times for priority procedures, by province and Canada, 2008 to 2025",Table 1,13330;13331;13332;13333
Alberta,Hip,2022,5267.0,217.0,501.0,43.0,668205,Table 17-10-0005-01 (Product ID 17100005; CANSIM 051-0001),July 1 estimate of the calendar year the fiscal year opens in,788.2,"12-month (fiscal year) count per 100,000 population 65+; this IS an annual rate","Fiscal year, April-March (12 months)",Provincial ministry/agency submission (aggregate),self-reported,"not available - CIHI publishes aggregate percentiles, not case-level data","Table 1  Wait times for priority procedures, by province and Canada, 2008 to 2025",Table 1,14850;14851;14852;14853
British Columbia,Hip,2022,7293.0,145.0,333.0,61.8401206636501,1054174,Table 17-10-0005-01 (Product ID 17100005; CANSIM 051-0001),July 1 estimate of the calendar year the fiscal year opens in,691.8,"12-month (fiscal year) count per 100,000 population 65+; this IS an annual rate","Fiscal year, April-March (12 months)",Provincial ministry/agency submission (aggregate),self-reported,"not available - CIHI publishes aggregate percentiles, not case-level data","Table 1  Wait times for priority procedures, by province and Canada, 2008 to 2025",Table 1,14890;14891;14892;14893
Manitoba,Hip,2022,2069.0,194.0,546.2,47.4625422909618,236133,Table 17-10-0005-01 (Product ID 17100005; CANSIM 051-0001),July 1 estimate of the calendar year the fiscal year opens in,876.2,"12-month (fiscal year) count per 100,000 population 65+; this IS an annual rate","Fiscal year, April-March (12 months)",Provincial ministry/agency submission (aggregate),self-reported,"not available - CIHI publishes aggregate percentiles, not case-level data","Table 1  Wait times for priority procedures, by province and Canada, 2008 to 2025",Table 1,14930;14931;14932;14933
New Brunswick,Hip,2022,1276.0,257.0,503.0,37.0,185107,Table 17-10-0005-01 (Product ID 17100005; CANSIM 051-0001),July 1 estimate of the calendar year the fiscal year opens in,689.3,"12-month (fiscal year) count per 100,000 population 65+; this IS an annual rate","Fiscal year, April-March (12 months)",Provincial ministry/agency submission (aggregate),self-reported,"not available - CIHI publishes aggregate percentiles, not case-level data","Table 1  Wait times for priority procedures, by province and Canada, 2008 to 2025",Table 1,14970;14971;14972;14973
Newfoundland and Labrador,Hip,2022,533.0,204.0,554.0,44.0,126975,Table 17-10-0005-01 (Product ID 17100005; CANSIM 051-0001),July 1 estimate of the calendar year the fiscal year opens in,419.8,"12-month (fiscal year) count per 100,000 population 65+; this IS an annual rate","Fiscal year, April-March (12 months)",Provincial ministry/agency submission (aggregate),self-reported,"not available - CIHI publishes aggregate percentiles, not case-level data","Table 1  Wait times for priority procedures, by province and Canada, 2008 to 2025",Table 1,15014;15015;15016;15017
Nova Scotia,Hip,2022,1586.0,179.0,634.0,50.7,225308,Table 17-10-0005-01 (Product ID 17100005; CANSIM 051-0001),July 1 estimate of the calendar year the fiscal year opens in,703.9,"12-month (fiscal year) count per 100,000 population 65+; this IS an annual rate","Fiscal year, April-March (12 months)",Provincial ministry/agency submission (aggregate),self-reported,"not available - CIHI publishes aggregate percentiles, not case-level data","Table 1  Wait times for priority procedures, by province and Canada, 2008 to 2025",Table 1,15054;15055;15056;15057
Ontario,Hip,2022,20499.0,103.0,320.0,73.345041221523,2763435,Table 17-10-0005-01 (Product ID 17100005; CANSIM 051-0001),July 1 estimate of the calendar year the fiscal year opens in,741.8,"12-month (fiscal year) count per 100,000 population 65+; this IS an annual rate","Fiscal year, April-March (12 months)",Provincial ministry/agency submission (aggregate),self-reported,"not available - CIHI publishes aggregate percentiles, not case-level data","Table 1  Wait times for priority procedures, by province and Canada, 2008 to 2025",Table 1,15094;15095;15096;15097
Prince Edward Island,Hip,2022,193.0,191.4,581.9,48.2,34523,Table 17-10-0005-01 (Product ID 17100005; CANSIM 051-0001),July 1 estimate of the calendar year the fiscal year opens in,559.0,"12-month (fiscal year) count per 100,000 population 65+; this IS an annual rate","Fiscal year, April-March (12 months)",Provincial ministry/agency submission (aggregate),self-reported,"not available - CIHI publishes aggregate percentiles, not case-level data","Table 1  Wait times for priority procedures, by province and Canada, 2008 to 2025",Table 1,15138;15139;15140;15141
Quebec,Hip,2022,9202.0,201.0,472.0,46.1638774179526,1787639,Table 17-10-0005-01 (Product ID 17100005; CANSIM 051-0001),July 1 estimate of the calendar year the fiscal year opens in,514.8,"12-month (fiscal year) count per 100,000 population 65+; this IS an annual rate","Fiscal year, April-March (12 months)",Provincial ministry/agency submission (aggregate),self-reported,"not available - CIHI publishes aggregate percentiles, not case-level data","Table 1  Wait times for priority procedures, by province and Canada, 2008 to 2025",Table 1,15178;15179;15180;15181
Saskatchewan,Hip,2022,2353.0,285.0,716.0,36.2940926476838,204647,Table 17-10-0005-01 (Product ID 17100005; CANSIM 051-0001),July 1 estimate of the calendar year the fiscal year opens in,1149.8,"12-month (fiscal year) count per 100,000 population 65+; this IS an annual rate","Fiscal year, April-March (12 months)",Provincial ministry/agency submission (aggregate),self-reported,"not available - CIHI publishes aggregate percentiles, not case-level data","Table 1  Wait times for priority procedures, by province and Canada, 2008 to 2025",Table 1,15218;15219;15220;15221
Alberta,Hip,2023,5821.0,131.0,433.0,62.4,705070,Table 17-10-0005-01 (Product ID 17100005; CANSIM 051-0001),July 1 estimate of the calendar year the fiscal year opens in,825.6,"12-month (fiscal year) count per 100,000 population 65+; this IS an annual rate","Fiscal year, April-March (12 months)",Provincial ministry/agency submission (aggregate),self-reported,"not available - CIHI publishes aggregate percentiles, not case-level data","Table 1  Wait times for priority procedures, by province and Canada, 2008 to 2025",Table 1,16738;16739;16740;16741
British Columbia,Hip,2023,7770.0,127.0,350.0,63.9124839124839,1090768,Table 17-10-0005-01 (Product ID 17100005; CANSIM 051-0001),July 1 estimate of the calendar year the fiscal year opens in,712.3,"12-month (fiscal year) count per 100,000 population 65+; this IS an annual rate","Fiscal year, April-March (12 months)",Provincial ministry/agency submission (aggregate),self-reported,"not available - CIHI publishes aggregate percentiles, not case-level data","Table 1  Wait times for priority procedures, by province and Canada, 2008 to 2025",Table 1,16778;16779;16780;16781
Manitoba,Hip,2023,2011.0,148.0,462.0,60.0,243724,Table 17-10-0005-01 (Product ID 17100005; CANSIM 051-0001),July 1 estimate of the calendar year the fiscal year opens in,825.1,"12-month (fiscal year) count per 100,000 population 65+; this IS an annual rate","Fiscal year, April-March (12 months)",Provincial ministry/agency submission (aggregate),self-reported,"not available - CIHI publishes aggregate percentiles, not case-level data","Table 1  Wait times for priority procedures, by province and Canada, 2008 to 2025",Table 1,16818;16819;16820;16821
New Brunswick,Hip,2023,1505.0,229.0,411.0,41.1295681063123,191378,Table 17-10-0005-01 (Product ID 17100005; CANSIM 051-0001),July 1 estimate of the calendar year the fiscal year opens in,786.4,"12-month (fiscal year) count per 100,000 population 65+; this IS an annual rate","Fiscal year, April-March (12 months)",Provincial ministry/agency submission (aggregate),self-reported,"not available - CIHI publishes aggregate percentiles, not case-level data","Table 1  Wait times for priority procedures, by province and Canada, 2008 to 2025",Table 1,16858;16859;16860;16861
Newfoundland and Labrador,Hip,2023,688.0,185.0,605.0,49.7093023255814,130952,Table 17-10-0005-01 (Product ID 17100005; CANSIM 051-0001),July 1 estimate of the calendar year the fiscal year opens in,525.4,"12-month (fiscal year) count per 100,000 population 65+; this IS an annual rate","Fiscal year, April-March (12 months)",Provincial ministry/agency submission (aggregate),self-reported,"not available - CIHI publishes aggregate percentiles, not case-level data","Table 1  Wait times for priority procedures, by province and Canada, 2008 to 2025",Table 1,16902;16903;16904;16905
Nova Scotia,Hip,2023,1800.0,139.0,577.0,57.8888888888889,232630,Table 17-10-0005-01 (Product ID 17100005; CANSIM 051-0001),July 1 estimate of the calendar year the fiscal year opens in,773.8,"12-month (fiscal year) count per 100,000 population 65+; this IS an annual rate","Fiscal year, April-March (12 months)",Provincial ministry/agency submission (aggregate),self-reported,"not available - CIHI publishes aggregate percentiles, not case-level data","Table 1  Wait times for priority procedures, by province and Canada, 2008 to 2025",Table 1,16942;16943;16944;16945
Ontario,Hip,2023,22474.0,91.0,269.0,79.7009878081338,2859636,Table 17-10-0005-01 (Product ID 17100005; CANSIM 051-0001),July 1 estimate of the calendar year the fiscal year opens in,785.9,"12-month (fiscal year) count per 100,000 population 65+; this IS an annual rate","Fiscal year, April-March (12 months)",Provincial ministry/agency submission (aggregate),self-reported,"not available - CIHI publishes aggregate percentiles, not case-level data","Table 1  Wait times for priority procedures, by province and Canada, 2008 to 2025",Table 1,16982;16983;16984;16985
Prince Edward Island,Hip,2023,236.0,218.5,497.9,41.1,35729,Table 17-10-0005-01 (Product ID 17100005; CANSIM 051-0001),July 1 estimate of the calendar year the fiscal year opens in,660.5,"12-month (fiscal year) count per 100,000 population 65+; this IS an annual rate","Fiscal year, April-March (12 months)",Provincial ministry/agency submission (aggregate),self-reported,"not available - CIHI publishes aggregate percentiles, not case-level data","Table 1  Wait times for priority procedures, by province and Canada, 2008 to 2025",Table 1,17026;17027;17028;17029
Quebec,Hip,2023,9558.0,188.0,434.0,48.932831136221,1847289,Table 17-10-0005-01 (Product ID 17100005; CANSIM 051-0001),July 1 estimate of the calendar year the fiscal year opens in,517.4,"12-month (fiscal year) count per 100,000 population 65+; this IS an annual rate","Fiscal year, April-March (12 months)",Provincial ministry/agency submission (aggregate),self-reported,"not available - CIHI publishes aggregate percentiles, not case-level data","Table 1  Wait times for priority procedures, by province and Canada, 2008 to 2025",Table 1,17066;17067;17068;17069
Saskatchewan,Hip,2023,2483.0,212.0,592.0,46.757954087797,211510,Table 17-10-0005-01 (Product ID 17100005; CANSIM 051-0001),July 1 estimate of the calendar year the fiscal year opens in,1173.9,"12-month (fiscal year) count per 100,000 population 65+; this IS an annual rate","Fiscal year, April-March (12 months)",Provincial ministry/agency submission (aggregate),self-reported,"not available - CIHI publishes aggregate percentiles, not case-level data","Table 1  Wait times for priority procedures, by province and Canada, 2008 to 2025",Table 1,17106;17107;17108;17109
Alberta,Hip,2024,5848.0,118.0,329.0,70.1,742451,Table 17-10-0005-01 (Product ID 17100005; CANSIM 051-0001),July 1 estimate of the calendar year the fiscal year opens in,787.7,"12-month (fiscal year) count per 100,000 population 65+; this IS an annual rate","Fiscal year, April-March (12 months)",Provincial ministry/agency submission (aggregate),self-reported,"not available - CIHI publishes aggregate percentiles, not case-level data","Table 1  Wait times for priority procedures, by province and Canada, 2008 to 2025",Table 1,18626;18627;18628;18629
British Columbia,Hip,2024,8518.0,130.0,368.0,64.27565,1129229,Table 17-10-0005-01 (Product ID 17100005; CANSIM 051-0001),July 1 estimate of the calendar year the fiscal year opens in,754.3,"12-month (fiscal year) count per 100,000 population 65+; this IS an annual rate","Fiscal year, April-March (12 months)",Provincial ministry/agency submission (aggregate),self-reported,"not available - CIHI publishes aggregate percentiles, not case-level data","Table 1  Wait times for priority procedures, by province and Canada, 2008 to 2025",Table 1,18666;18667;18668;18669
Manitoba,Hip,2024,2205.0,179.0,447.0,51.4545454545455,251817,Table 17-10-0005-01 (Product ID 17100005; CANSIM 051-0001),July 1 estimate of the calendar year the fiscal year opens in,875.6,"12-month (fiscal year) count per 100,000 population 65+; this IS an annual rate","Fiscal year, April-March (12 months)",Provincial ministry/agency submission (aggregate),self-reported,"not available - CIHI publishes aggregate percentiles, not case-level data","Table 1  Wait times for priority procedures, by province and Canada, 2008 to 2025",Table 1,18706;18707;18708;18709
New Brunswick,Hip,2024,1405.0,197.0,383.0,46.0,197263,Table 17-10-0005-01 (Product ID 17100005; CANSIM 051-0001),July 1 estimate of the calendar year the fiscal year opens in,712.2,"12-month (fiscal year) count per 100,000 population 65+; this IS an annual rate","Fiscal year, April-March (12 months)",Provincial ministry/agency submission (aggregate),self-reported,"not available - CIHI publishes aggregate percentiles, not case-level data","Table 1  Wait times for priority procedures, by province and Canada, 2008 to 2025",Table 1,18746;18747;18748;18749
Nova Scotia,Hip,2024,1970.0,118.0,418.0,68.0,239758,Table 17-10-0005-01 (Product ID 17100005; CANSIM 051-0001),July 1 estimate of the calendar year the fiscal year opens in,821.7,"12-month (fiscal year) count per 100,000 population 65+; this IS an annual rate","Fiscal year, April-March (12 months)",Provincial ministry/agency submission (aggregate),self-reported,"not available - CIHI publishes aggregate percentiles, not case-level data","Table 1  Wait times for priority procedures, by province and Canada, 2008 to 2025",Table 1,18830;18831;18832;18833
Ontario,Hip,2024,23272.0,82.0,236.0,82.377964936,2964438,Table 17-10-0005-01 (Product ID 17100005; CANSIM 051-0001),July 1 estimate of the calendar year the fiscal year opens in,785.0,"12-month (fiscal year) count per 100,000 population 65+; this IS an annual rate","Fiscal year, April-March (12 months)",Provincial ministry/agency submission (aggregate),self-reported,"not available - CIHI publishes aggregate percentiles, not case-level data","Table 1  Wait times for priority procedures, by province and Canada, 2008 to 2025",Table 1,18870;18871;18872;18873
Prince Edward Island,Hip,2024,285.0,253.0,587.5,37.9,36849,Table 17-10-0005-01 (Product ID 17100005; CANSIM 051-0001),July 1 estimate of the calendar year the fiscal year opens in,773.4,"12-month (fiscal year) count per 100,000 population 65+; this IS an annual rate","Fiscal year, April-March (12 months)",Provincial ministry/agency submission (aggregate),self-reported,"not available - CIHI publishes aggregate percentiles, not case-level data","Table 1  Wait times for priority procedures, by province and Canada, 2008 to 2025",Table 1,18914;18915;18916;18917
Quebec,Hip,2024,10730.0,185.0,417.0,49.42218,1906357,Table 17-10-0005-01 (Product ID 17100005; CANSIM 051-0001),July 1 estimate of the calendar year the fiscal year opens in,562.9,"12-month (fiscal year) count per 100,000 population 65+; this IS an annual rate","Fiscal year, April-March (12 months)",Provincial ministry/agency submission (aggregate),self-reported,"not available - CIHI publishes aggregate percentiles, not case-level data","Table 1  Wait times for priority procedures, by province and Canada, 2008 to 2025",Table 1,18954;18955;18956;18957
Saskatchewan,Hip,2024,2419.0,174.0,476.0,52.046300124,218531,Table 17-10-0005-01 (Product ID 17100005; CANSIM 051-0001),July 1 estimate of the calendar year the fiscal year opens in,1106.9,"12-month (fiscal year) count per 100,000 population 65+; this IS an annual rate","Fiscal year, April-March (12 months)",Provincial ministry/agency submission (aggregate),self-reported,"not available - CIHI publishes aggregate percentiles, not case-level data","Table 1  Wait times for priority procedures, by province and Canada, 2008 to 2025",Table 1,18994;18995;18996;18997
Alberta,Knee,2020,5063.0,206.0,442.0,43.3,606936,Table 17-10-0005-01 (Product ID 17100005; CANSIM 051-0001),July 1 estimate of the calendar year the fiscal year opens in,834.2,"12-month (fiscal year) count per 100,000 population 65+; this IS an annual rate","Fiscal year, April-March (12 months)",Provincial ministry/agency submission (aggregate),self-reported,"not available - CIHI publishes aggregate percentiles, not case-level data","Table 1  Wait times for priority procedures, by province and Canada, 2008 to 2025",Table 1,12070;12071;12072;12073
British Columbia,Knee,2020,8988.0,157.0,370.0,56.7,982576,Table 17-10-0005-01 (Product ID 17100005; CANSIM 051-0001),July 1 estimate of the calendar year the fiscal year opens in,914.7,"12-month (fiscal year) count per 100,000 population 65+; this IS an annual rate","Fiscal year, April-March (12 months)",Provincial ministry/agency submission (aggregate),self-reported,"not available - CIHI publishes aggregate percentiles, not case-level data","Table 1  Wait times for priority procedures, by province and Canada, 2008 to 2025",Table 1,12110;12111;12112;12113
Manitoba,Knee,2020,2096.0,245.0,499.0,37.0,222516,Table 17-10-0005-01 (Product ID 17100005; CANSIM 051-0001),July 1 estimate of the calendar year the fiscal year opens in,942.0,"12-month (fiscal year) count per 100,000 population 65+; this IS an annual rate","Fiscal year, April-March (12 months)",Provincial ministry/agency submission (aggregate),self-reported,"not available - CIHI publishes aggregate percentiles, not case-level data","Table 1  Wait times for priority procedures, by province and Canada, 2008 to 2025",Table 1,12150;12151;12152;12153
New Brunswick,Knee,2020,1773.0,280.0,560.0,30.0,172296,Table 17-10-0005-01 (Product ID 17100005; CANSIM 051-0001),July 1 estimate of the calendar year the fiscal year opens in,1029.0,"12-month (fiscal year) count per 100,000 population 65+; this IS an annual rate","Fiscal year, April-March (12 months)",Provincial ministry/agency submission (aggregate),self-reported,"not available - CIHI publishes aggregate percentiles, not case-level data","Table 1  Wait times for priority procedures, by province and Canada, 2008 to 2025",Table 1,12190;12191;12192;12193
Newfoundland and Labrador,Knee,2020,445.0,288.0,507.0,33.0,118470,Table 17-10-0005-01 (Product ID 17100005; CANSIM 051-0001),July 1 estimate of the calendar year the fiscal year opens in,375.6,"12-month (fiscal year) count per 100,000 population 65+; this IS an annual rate","Fiscal year, April-March (12 months)",Provincial ministry/agency submission (aggregate),self-reported,"not available - CIHI publishes aggregate percentiles, not case-level data","Table 1  Wait times for priority procedures, by province and Canada, 2008 to 2025",Table 1,12234;12235;12236;12237
Nova Scotia,Knee,2020,1859.0,260.0,663.0,39.5,210159,Table 17-10-0005-01 (Product ID 17100005; CANSIM 051-0001),July 1 estimate of the calendar year the fiscal year opens in,884.6,"12-month (fiscal year) count per 100,000 population 65+; this IS an annual rate","Fiscal year, April-March (12 months)",Provincial ministry/agency submission (aggregate),self-reported,"not available - CIHI publishes aggregate percentiles, not case-level data","Table 1  Wait times for priority procedures, by province and Canada, 2008 to 2025",Table 1,12274;12275;12276;12277
Ontario,Knee,2020,23058.0,115.0,371.0,66.2069563708908,2587513,Table 17-10-0005-01 (Product ID 17100005; CANSIM 051-0001),July 1 estimate of the calendar year the fiscal year opens in,891.1,"12-month (fiscal year) count per 100,000 population 65+; this IS an annual rate","Fiscal year, April-March (12 months)",Provincial ministry/agency submission (aggregate),self-reported,"not available - CIHI publishes aggregate percentiles, not case-level data","Table 1  Wait times for priority procedures, by province and Canada, 2008 to 2025",Table 1,12314;12315;12316;12317
Prince Edward Island,Knee,2020,459.0,292.3,494.4,29.8,31993,Table 17-10-0005-01 (Product ID 17100005; CANSIM 051-0001),July 1 estimate of the calendar year the fiscal year opens in,1434.7,"12-month (fiscal year) count per 100,000 population 65+; this IS an annual rate","Fiscal year, April-March (12 months)",Provincial ministry/agency submission (aggregate),self-reported,"not available - CIHI publishes aggregate percentiles, not case-level data","Table 1  Wait times for priority procedures, by province and Canada, 2008 to 2025",Table 1,12358;12359;12360;12361
Quebec,Knee,2020,7030.0,201.0,386.0,44.9786628733997,1673371,Table 17-10-0005-01 (Product ID 17100005; CANSIM 051-0001),July 1 estimate of the calendar year the fiscal year opens in,420.1,"12-month (fiscal year) count per 100,000 population 65+; this IS an annual rate","Fiscal year, April-March (12 months)",Provincial ministry/agency submission (aggregate),self-reported,"not available - CIHI publishes aggregate percentiles, not case-level data","Table 1  Wait times for priority procedures, by province and Canada, 2008 to 2025",Table 1,12398;12399;12400;12401
Saskatchewan,Knee,2020,1612.0,311.0,561.0,32.0719602977668,192121,Table 17-10-0005-01 (Product ID 17100005; CANSIM 051-0001),July 1 estimate of the calendar year the fiscal year opens in,839.1,"12-month (fiscal year) count per 100,000 population 65+; this IS an annual rate","Fiscal year, April-March (12 months)",Provincial ministry/agency submission (aggregate),self-reported,"not available - CIHI publishes aggregate percentiles, not case-level data","Table 1  Wait times for priority procedures, by province and Canada, 2008 to 2025",Table 1,12438;12439;12440;12441
Alberta,Knee,2021,5222.0,218.0,484.0,39.7,636049,Table 17-10-0005-01 (Product ID 17100005; CANSIM 051-0001),July 1 estimate of the calendar year the fiscal year opens in,821.0,"12-month (fiscal year) count per 100,000 population 65+; this IS an annual rate","Fiscal year, April-March (12 months)",Provincial ministry/agency submission (aggregate),self-reported,"not available - CIHI publishes aggregate percentiles, not case-level data","Table 1  Wait times for priority procedures, by province and Canada, 2008 to 2025",Table 1,12966;12967;12968;12969
British Columbia,Knee,2021,8727.0,132.0,350.0,66.7927122722585,1018096,Table 17-10-0005-01 (Product ID 17100005; CANSIM 051-0001),July 1 estimate of the calendar year the fiscal year opens in,857.2,"12-month (fiscal year) count per 100,000 population 65+; this IS an annual rate","Fiscal year, April-March (12 months)",Provincial ministry/agency submission (aggregate),self-reported,"not available - CIHI publishes aggregate percentiles, not case-level data","Table 1  Wait times for priority procedures, by province and Canada, 2008 to 2025",Table 1,13006;13007;13008;13009
Manitoba,Knee,2021,2056.0,277.0,599.0,35.0,229374,Table 17-10-0005-01 (Product ID 17100005; CANSIM 051-0001),July 1 estimate of the calendar year the fiscal year opens in,896.4,"12-month (fiscal year) count per 100,000 population 65+; this IS an annual rate","Fiscal year, April-March (12 months)",Provincial ministry/agency submission (aggregate),self-reported,"not available - CIHI publishes aggregate percentiles, not case-level data","Table 1  Wait times for priority procedures, by province and Canada, 2008 to 2025",Table 1,13046;13047;13048;13049
New Brunswick,Knee,2021,1488.0,217.0,518.0,42.0,178652,Table 17-10-0005-01 (Product ID 17100005; CANSIM 051-0001),July 1 estimate of the calendar year the fiscal year opens in,832.9,"12-month (fiscal year) count per 100,000 population 65+; this IS an annual rate","Fiscal year, April-March (12 months)",Provincial ministry/agency submission (aggregate),self-reported,"not available - CIHI publishes aggregate percentiles, not case-level data","Table 1  Wait times for priority procedures, by province and Canada, 2008 to 2025",Table 1,13086;13087;13088;13089
Newfoundland and Labrador,Knee,2021,608.0,216.0,598.0,41.0,123208,Table 17-10-0005-01 (Product ID 17100005; CANSIM 051-0001),July 1 estimate of the calendar year the fiscal year opens in,493.5,"12-month (fiscal year) count per 100,000 population 65+; this IS an annual rate","Fiscal year, April-March (12 months)",Provincial ministry/agency submission (aggregate),self-reported,"not available - CIHI publishes aggregate percentiles, not case-level data","Table 1  Wait times for priority procedures, by province and Canada, 2008 to 2025",Table 1,13130;13131;13132;13133
Nova Scotia,Knee,2021,1589.0,177.0,643.0,51.1,217785,Table 17-10-0005-01 (Product ID 17100005; CANSIM 051-0001),July 1 estimate of the calendar year the fiscal year opens in,729.6,"12-month (fiscal year) count per 100,000 population 65+; this IS an annual rate","Fiscal year, April-March (12 months)",Provincial ministry/agency submission (aggregate),self-reported,"not available - CIHI publishes aggregate percentiles, not case-level data","Table 1  Wait times for priority procedures, by province and Canada, 2008 to 2025",Table 1,13170;13171;13172;13173
Ontario,Knee,2021,23042.0,112.0,363.0,70.4713132540578,2671337,Table 17-10-0005-01 (Product ID 17100005; CANSIM 051-0001),July 1 estimate of the calendar year the fiscal year opens in,862.6,"12-month (fiscal year) count per 100,000 population 65+; this IS an annual rate","Fiscal year, April-March (12 months)",Provincial ministry/agency submission (aggregate),self-reported,"not available - CIHI publishes aggregate percentiles, not case-level data","Table 1  Wait times for priority procedures, by province and Canada, 2008 to 2025",Table 1,13210;13211;13212;13213
Prince Edward Island,Knee,2021,506.0,169.0,438.9,52.8,33293,Table 17-10-0005-01 (Product ID 17100005; CANSIM 051-0001),July 1 estimate of the calendar year the fiscal year opens in,1519.8,"12-month (fiscal year) count per 100,000 population 65+; this IS an annual rate","Fiscal year, April-March (12 months)",Provincial ministry/agency submission (aggregate),self-reported,"not available - CIHI publishes aggregate percentiles, not case-level data","Table 1  Wait times for priority procedures, by province and Canada, 2008 to 2025",Table 1,13254;13255;13256;13257
Quebec,Knee,2021,9405.0,216.0,516.0,42.2115895800106,1727292,Table 17-10-0005-01 (Product ID 17100005; CANSIM 051-0001),July 1 estimate of the calendar year the fiscal year opens in,544.5,"12-month (fiscal year) count per 100,000 population 65+; this IS an annual rate","Fiscal year, April-March (12 months)",Provincial ministry/agency submission (aggregate),self-reported,"not available - CIHI publishes aggregate percentiles, not case-level data","Table 1  Wait times for priority procedures, by province and Canada, 2008 to 2025",Table 1,13294;13295;13296;13297
Saskatchewan,Knee,2021,1872.0,429.0,758.0,27.8846153846154,198565,Table 17-10-0005-01 (Product ID 17100005; CANSIM 051-0001),July 1 estimate of the calendar year the fiscal year opens in,942.8,"12-month (fiscal year) count per 100,000 population 65+; this IS an annual rate","Fiscal year, April-March (12 months)",Provincial ministry/agency submission (aggregate),self-reported,"not available - CIHI publishes aggregate percentiles, not case-level data","Table 1  Wait times for priority procedures, by province and Canada, 2008 to 2025",Table 1,13334;13335;13336;13337
Alberta,Knee,2022,7269.0,285.0,596.0,32.5,668205,Table 17-10-0005-01 (Product ID 17100005; CANSIM 051-0001),July 1 estimate of the calendar year the fiscal year opens in,1087.8,"12-month (fiscal year) count per 100,000 population 65+; this IS an annual rate","Fiscal year, April-March (12 months)",Provincial ministry/agency submission (aggregate),self-reported,"not available - CIHI publishes aggregate percentiles, not case-level data","Table 1  Wait times for priority procedures, by province and Canada, 2008 to 2025",Table 1,14854;14855;14856;14857
British Columbia,Knee,2022,10376.0,161.0,403.0,56.2837316885119,1054174,Table 17-10-0005-01 (Product ID 17100005; CANSIM 051-0001),July 1 estimate of the calendar year the fiscal year opens in,984.3,"12-month (fiscal year) count per 100,000 population 65+; this IS an annual rate","Fiscal year, April-March (12 months)",Provincial ministry/agency submission (aggregate),self-reported,"not available - CIHI publishes aggregate percentiles, not case-level data","Table 1  Wait times for priority procedures, by province and Canada, 2008 to 2025",Table 1,14894;14895;14896;14897
Manitoba,Knee,2022,3133.0,287.0,629.0,32.7800829875519,236133,Table 17-10-0005-01 (Product ID 17100005; CANSIM 051-0001),July 1 estimate of the calendar year the fiscal year opens in,1326.8,"12-month (fiscal year) count per 100,000 population 65+; this IS an annual rate","Fiscal year, April-March (12 months)",Provincial ministry/agency submission (aggregate),self-reported,"not available - CIHI publishes aggregate percentiles, not case-level data","Table 1  Wait times for priority procedures, by province and Canada, 2008 to 2025",Table 1,14934;14935;14936;14937
New Brunswick,Knee,2022,1967.0,290.0,612.0,28.0,185107,Table 17-10-0005-01 (Product ID 17100005; CANSIM 051-0001),July 1 estimate of the calendar year the fiscal year opens in,1062.6,"12-month (fiscal year) count per 100,000 population 65+; this IS an annual rate","Fiscal year, April-March (12 months)",Provincial ministry/agency submission (aggregate),self-reported,"not available - CIHI publishes aggregate percentiles, not case-level data","Table 1  Wait times for priority procedures, by province and Canada, 2008 to 2025",Table 1,14974;14975;14976;14977
Newfoundland and Labrador,Knee,2022,696.0,349.0,606.0,36.0,126975,Table 17-10-0005-01 (Product ID 17100005; CANSIM 051-0001),July 1 estimate of the calendar year the fiscal year opens in,548.1,"12-month (fiscal year) count per 100,000 population 65+; this IS an annual rate","Fiscal year, April-March (12 months)",Provincial ministry/agency submission (aggregate),self-reported,"not available - CIHI publishes aggregate percentiles, not case-level data","Table 1  Wait times for priority procedures, by province and Canada, 2008 to 2025",Table 1,15018;15019;15020;15021
Nova Scotia,Knee,2022,2208.0,226.0,686.0,41.1,225308,Table 17-10-0005-01 (Product ID 17100005; CANSIM 051-0001),July 1 estimate of the calendar year the fiscal year opens in,980.0,"12-month (fiscal year) count per 100,000 population 65+; this IS an annual rate","Fiscal year, April-March (12 months)",Provincial ministry/agency submission (aggregate),self-reported,"not available - CIHI publishes aggregate percentiles, not case-level data","Table 1  Wait times for priority procedures, by province and Canada, 2008 to 2025",Table 1,15058;15059;15060;15061
Ontario,Knee,2022,32468.0,108.0,360.0,70.6141431563385,2763435,Table 17-10-0005-01 (Product ID 17100005; CANSIM 051-0001),July 1 estimate of the calendar year the fiscal year opens in,1174.9,"12-month (fiscal year) count per 100,000 population 65+; this IS an annual rate","Fiscal year, April-March (12 months)",Provincial ministry/agency submission (aggregate),self-reported,"not available - CIHI publishes aggregate percentiles, not case-level data","Table 1  Wait times for priority procedures, by province and Canada, 2008 to 2025",Table 1,15098;15099;15100;15101
Prince Edward Island,Knee,2022,336.0,223.5,549.0,34.5,34523,Table 17-10-0005-01 (Product ID 17100005; CANSIM 051-0001),July 1 estimate of the calendar year the fiscal year opens in,973.3,"12-month (fiscal year) count per 100,000 population 65+; this IS an annual rate","Fiscal year, April-March (12 months)",Provincial ministry/agency submission (aggregate),self-reported,"not available - CIHI publishes aggregate percentiles, not case-level data","Table 1  Wait times for priority procedures, by province and Canada, 2008 to 2025",Table 1,15142;15143;15144;15145
Quebec,Knee,2022,12412.0,262.0,583.0,34.2732839187883,1787639,Table 17-10-0005-01 (Product ID 17100005; CANSIM 051-0001),July 1 estimate of the calendar year the fiscal year opens in,694.3,"12-month (fiscal year) count per 100,000 population 65+; this IS an annual rate","Fiscal year, April-March (12 months)",Provincial ministry/agency submission (aggregate),self-reported,"not available - CIHI publishes aggregate percentiles, not case-level data","Table 1  Wait times for priority procedures, by province and Canada, 2008 to 2025",Table 1,15182;15183;15184;15185
Saskatchewan,Knee,2022,3673.0,458.0,817.0,23.7135856248298,204647,Table 17-10-0005-01 (Product ID 17100005; CANSIM 051-0001),July 1 estimate of the calendar year the fiscal year opens in,1794.8,"12-month (fiscal year) count per 100,000 population 65+; this IS an annual rate","Fiscal year, April-March (12 months)",Provincial ministry/agency submission (aggregate),self-reported,"not available - CIHI publishes aggregate percentiles, not case-level data","Table 1  Wait times for priority procedures, by province and Canada, 2008 to 2025",Table 1,15222;15223;15224;15225
Alberta,Knee,2023,9103.0,167.0,512.0,53.3,705070,Table 17-10-0005-01 (Product ID 17100005; CANSIM 051-0001),July 1 estimate of the calendar year the fiscal year opens in,1291.1,"12-month (fiscal year) count per 100,000 population 65+; this IS an annual rate","Fiscal year, April-March (12 months)",Provincial ministry/agency submission (aggregate),self-reported,"not available - CIHI publishes aggregate percentiles, not case-level data","Table 1  Wait times for priority procedures, by province and Canada, 2008 to 2025",Table 1,16742;16743;16744;16745
British Columbia,Knee,2023,11413.0,161.0,400.0,55.3754490493297,1090768,Table 17-10-0005-01 (Product ID 17100005; CANSIM 051-0001),July 1 estimate of the calendar year the fiscal year opens in,1046.3,"12-month (fiscal year) count per 100,000 population 65+; this IS an annual rate","Fiscal year, April-March (12 months)",Provincial ministry/agency submission (aggregate),self-reported,"not available - CIHI publishes aggregate percentiles, not case-level data","Table 1  Wait times for priority procedures, by province and Canada, 2008 to 2025",Table 1,16782;16783;16784;16785
Manitoba,Knee,2023,3627.0,211.0,633.0,44.0,243724,Table 17-10-0005-01 (Product ID 17100005; CANSIM 051-0001),July 1 estimate of the calendar year the fiscal year opens in,1488.2,"12-month (fiscal year) count per 100,000 population 65+; this IS an annual rate","Fiscal year, April-March (12 months)",Provincial ministry/agency submission (aggregate),self-reported,"not available - CIHI publishes aggregate percentiles, not case-level data","Table 1  Wait times for priority procedures, by province and Canada, 2008 to 2025",Table 1,16822;16823;16824;16825
New Brunswick,Knee,2023,2614.0,246.0,498.0,36.1897475133894,191378,Table 17-10-0005-01 (Product ID 17100005; CANSIM 051-0001),July 1 estimate of the calendar year the fiscal year opens in,1365.9,"12-month (fiscal year) count per 100,000 population 65+; this IS an annual rate","Fiscal year, April-March (12 months)",Provincial ministry/agency submission (aggregate),self-reported,"not available - CIHI publishes aggregate percentiles, not case-level data","Table 1  Wait times for priority procedures, by province and Canada, 2008 to 2025",Table 1,16862;16863;16864;16865
Newfoundland and Labrador,Knee,2023,1035.0,270.0,709.0,34.975845410628,130952,Table 17-10-0005-01 (Product ID 17100005; CANSIM 051-0001),July 1 estimate of the calendar year the fiscal year opens in,790.4,"12-month (fiscal year) count per 100,000 population 65+; this IS an annual rate","Fiscal year, April-March (12 months)",Provincial ministry/agency submission (aggregate),self-reported,"not available - CIHI publishes aggregate percentiles, not case-level data","Table 1  Wait times for priority procedures, by province and Canada, 2008 to 2025",Table 1,16906;16907;16908;16909
Nova Scotia,Knee,2023,2472.0,199.0,613.0,47.7346278317152,232630,Table 17-10-0005-01 (Product ID 17100005; CANSIM 051-0001),July 1 estimate of the calendar year the fiscal year opens in,1062.6,"12-month (fiscal year) count per 100,000 population 65+; this IS an annual rate","Fiscal year, April-March (12 months)",Provincial ministry/agency submission (aggregate),self-reported,"not available - CIHI publishes aggregate percentiles, not case-level data","Table 1  Wait times for priority procedures, by province and Canada, 2008 to 2025",Table 1,16946;16947;16948;16949
Ontario,Knee,2023,36570.0,96.0,295.0,76.7705769756631,2859636,Table 17-10-0005-01 (Product ID 17100005; CANSIM 051-0001),July 1 estimate of the calendar year the fiscal year opens in,1278.8,"12-month (fiscal year) count per 100,000 population 65+; this IS an annual rate","Fiscal year, April-March (12 months)",Provincial ministry/agency submission (aggregate),self-reported,"not available - CIHI publishes aggregate percentiles, not case-level data","Table 1  Wait times for priority procedures, by province and Canada, 2008 to 2025",Table 1,16986;16987;16988;16989
Prince Edward Island,Knee,2023,356.0,288.5,622.0,24.4,35729,Table 17-10-0005-01 (Product ID 17100005; CANSIM 051-0001),July 1 estimate of the calendar year the fiscal year opens in,996.4,"12-month (fiscal year) count per 100,000 population 65+; this IS an annual rate","Fiscal year, April-March (12 months)",Provincial ministry/agency submission (aggregate),self-reported,"not available - CIHI publishes aggregate percentiles, not case-level data","Table 1  Wait times for priority procedures, by province and Canada, 2008 to 2025",Table 1,17030;17031;17032;17033
Quebec,Knee,2023,13616.0,249.0,553.0,37.4485898942421,1847289,Table 17-10-0005-01 (Product ID 17100005; CANSIM 051-0001),July 1 estimate of the calendar year the fiscal year opens in,737.1,"12-month (fiscal year) count per 100,000 population 65+; this IS an annual rate","Fiscal year, April-March (12 months)",Provincial ministry/agency submission (aggregate),self-reported,"not available - CIHI publishes aggregate percentiles, not case-level data","Table 1  Wait times for priority procedures, by province and Canada, 2008 to 2025",Table 1,17070;17071;17072;17073
Saskatchewan,Knee,2023,4368.0,307.0,674.0,33.9972527472528,211510,Table 17-10-0005-01 (Product ID 17100005; CANSIM 051-0001),July 1 estimate of the calendar year the fiscal year opens in,2065.2,"12-month (fiscal year) count per 100,000 population 65+; this IS an annual rate","Fiscal year, April-March (12 months)",Provincial ministry/agency submission (aggregate),self-reported,"not available - CIHI publishes aggregate percentiles, not case-level data","Table 1  Wait times for priority procedures, by province and Canada, 2008 to 2025",Table 1,17110;17111;17112;17113
Alberta,Knee,2024,8763.0,148.0,403.0,59.7,742451,Table 17-10-0005-01 (Product ID 17100005; CANSIM 051-0001),July 1 estimate of the calendar year the fiscal year opens in,1180.3,"12-month (fiscal year) count per 100,000 population 65+; this IS an annual rate","Fiscal year, April-March (12 months)",Provincial ministry/agency submission (aggregate),self-reported,"not available - CIHI publishes aggregate percentiles, not case-level data","Table 1  Wait times for priority procedures, by province and Canada, 2008 to 2025",Table 1,18630;18631;18632;18633
British Columbia,Knee,2024,12697.0,160.0,395.0,55.77696,1129229,Table 17-10-0005-01 (Product ID 17100005; CANSIM 051-0001),July 1 estimate of the calendar year the fiscal year opens in,1124.4,"12-month (fiscal year) count per 100,000 population 65+; this IS an annual rate","Fiscal year, April-March (12 months)",Provincial ministry/agency submission (aggregate),self-reported,"not available - CIHI publishes aggregate percentiles, not case-level data","Table 1  Wait times for priority procedures, by province and Canada, 2008 to 2025",Table 1,18670;18671;18672;18673
Manitoba,Knee,2024,3889.0,263.0,706.0,32.0195775373519,251817,Table 17-10-0005-01 (Product ID 17100005; CANSIM 051-0001),July 1 estimate of the calendar year the fiscal year opens in,1544.4,"12-month (fiscal year) count per 100,000 population 65+; this IS an annual rate","Fiscal year, April-March (12 months)",Provincial ministry/agency submission (aggregate),self-reported,"not available - CIHI publishes aggregate percentiles, not case-level data","Table 1  Wait times for priority procedures, by province and Canada, 2008 to 2025",Table 1,18710;18711;18712;18713
New Brunswick,Knee,2024,2329.0,204.0,386.0,44.0,197263,Table 17-10-0005-01 (Product ID 17100005; CANSIM 051-0001),July 1 estimate of the calendar year the fiscal year opens in,1180.7,"12-month (fiscal year) count per 100,000 population 65+; this IS an annual rate","Fiscal year, April-March (12 months)",Provincial ministry/agency submission (aggregate),self-reported,"not available - CIHI publishes aggregate percentiles, not case-level data","Table 1  Wait times for priority procedures, by province and Canada, 2008 to 2025",Table 1,18750;18751;18752;18753
Nova Scotia,Knee,2024,2595.0,146.0,478.0,59.0,239758,Table 17-10-0005-01 (Product ID 17100005; CANSIM 051-0001),July 1 estimate of the calendar year the fiscal year opens in,1082.3,"12-month (fiscal year) count per 100,000 population 65+; this IS an annual rate","Fiscal year, April-March (12 months)",Provincial ministry/agency submission (aggregate),self-reported,"not available - CIHI publishes aggregate percentiles, not case-level data","Table 1  Wait times for priority procedures, by province and Canada, 2008 to 2025",Table 1,18834;18835;18836;18837
Ontario,Knee,2024,38076.0,88.0,266.0,79.294043492,2964438,Table 17-10-0005-01 (Product ID 17100005; CANSIM 051-0001),July 1 estimate of the calendar year the fiscal year opens in,1284.4,"12-month (fiscal year) count per 100,000 population 65+; this IS an annual rate","Fiscal year, April-March (12 months)",Provincial ministry/agency submission (aggregate),self-reported,"not available - CIHI publishes aggregate percentiles, not case-level data","Table 1  Wait times for priority procedures, by province and Canada, 2008 to 2025",Table 1,18874;18875;18876;18877
Prince Edward Island,Knee,2024,377.0,377.0,715.5,23.1,36849,Table 17-10-0005-01 (Product ID 17100005; CANSIM 051-0001),July 1 estimate of the calendar year the fiscal year opens in,1023.1,"12-month (fiscal year) count per 100,000 population 65+; this IS an annual rate","Fiscal year, April-March (12 months)",Provincial ministry/agency submission (aggregate),self-reported,"not available - CIHI publishes aggregate percentiles, not case-level data","Table 1  Wait times for priority procedures, by province and Canada, 2008 to 2025",Table 1,18918;18919;18920;18921
Quebec,Knee,2024,15438.0,245.0,468.0,38.25625081,1906357,Table 17-10-0005-01 (Product ID 17100005; CANSIM 051-0001),July 1 estimate of the calendar year the fiscal year opens in,809.8,"12-month (fiscal year) count per 100,000 population 65+; this IS an annual rate","Fiscal year, April-March (12 months)",Provincial ministry/agency submission (aggregate),self-reported,"not available - CIHI publishes aggregate percentiles, not case-level data","Table 1  Wait times for priority procedures, by province and Canada, 2008 to 2025",Table 1,18958;18959;18960;18961
Saskatchewan,Knee,2024,3857.0,214.0,502.0,44.697951776,218531,Table 17-10-0005-01 (Product ID 17100005; CANSIM 051-0001),July 1 estimate of the calendar year the fiscal year opens in,1765.0,"12-month (fiscal year) count per 100,000 population 65+; this IS an annual rate","Fiscal year, April-March (12 months)",Provincial ministry/agency submission (aggregate),self-reported,"not available - CIHI publishes aggregate percentiles, not case-level data","Table 1  Wait times for priority procedures, by province and Canada, 2008 to 2025",Table 1,18998;18999;19000;19001
