REF_DATE,GEO,Age group,VALUE
2007,Newfoundland and Labrador,All ages,509047
2007,Newfoundland and Labrador,65 to 69 years,22707
2007,Newfoundland and Labrador,70 to 74 years,17685
2007,Newfoundland and Labrador,75 to 79 years,13443
2007,Newfoundland and Labrador,80 to 84 years,9309
2007,Newfoundland and Labrador,85 to 89 years,5515
2007,Newfoundland and Labrador,65 years and older,71099
2007,Newfoundland and Labrador,90 years and older,2440
2007,Prince Edward Island,All ages,137709
2007,Prince Edward Island,65 to 69 years,5982
2007,Prince Edward Island,70 to 74 years,5053
2007,Prince Edward Island,75 to 79 years,3814
2007,Prince Edward Island,80 to 84 years,2883
2007,Prince Edward Island,85 to 89 years,1772
2007,Prince Edward Island,65 years and older,20490
2007,Prince Edward Island,90 years and older,986
2007,Nova Scotia,All ages,935164
2007,Nova Scotia,65 to 69 years,41638
2007,Nova Scotia,70 to 74 years,33022
2007,Nova Scotia,75 to 79 years,26676
2007,Nova Scotia,80 to 84 years,19465
2007,Nova Scotia,85 to 89 years,12563
2007,Nova Scotia,65 years and older,139975
2007,Nova Scotia,90 years and older,6611
2007,New Brunswick,All ages,745430
2007,New Brunswick,65 to 69 years,32878
2007,New Brunswick,70 to 74 years,25502
2007,New Brunswick,75 to 79 years,21122
2007,New Brunswick,80 to 84 years,15967
2007,New Brunswick,85 to 89 years,9809
2007,New Brunswick,65 years and older,110296
2007,New Brunswick,90 years and older,5018
2007,Quebec,All ages,7692400
2007,Quebec,65 to 69 years,329499
2007,Quebec,70 to 74 years,261880
2007,Quebec,75 to 79 years,223221
2007,Quebec,80 to 84 years,156813
2007,Quebec,85 to 89 years,83862
2007,Quebec,65 years and older,1094060
2007,Quebec,90 years and older,38785
2007,Ontario,All ages,12765133
2007,Ontario,65 to 69 years,484742
2007,Ontario,70 to 74 years,403292
2007,Ontario,75 to 79 years,344043
2007,Ontario,80 to 84 years,254311
2007,Ontario,85 to 89 years,138369
2007,Ontario,65 years and older,1689833
2007,Ontario,90 years and older,65076
2007,Manitoba,All ages,1189446
2007,Manitoba,65 to 69 years,43450
2007,Manitoba,70 to 74 years,36103
2007,Manitoba,75 to 79 years,32502
2007,Manitoba,80 to 84 years,26000
2007,Manitoba,85 to 89 years,16028
2007,Manitoba,65 years and older,162968
2007,Manitoba,90 years and older,8885
2007,Saskatchewan,All ages,1002074
2007,Saskatchewan,65 to 69 years,37791
2007,Saskatchewan,70 to 74 years,33247
2007,Saskatchewan,75 to 79 years,30320
2007,Saskatchewan,80 to 84 years,24012
2007,Saskatchewan,85 to 89 years,15302
2007,Saskatchewan,65 years and older,149601
2007,Saskatchewan,90 years and older,8929
2007,Alberta,All ages,3514151
2007,Alberta,65 to 69 years,106959
2007,Alberta,70 to 74 years,87267
2007,Alberta,75 to 79 years,73303
2007,Alberta,80 to 84 years,51330
2007,Alberta,85 to 89 years,29797
2007,Alberta,65 years and older,363480
2007,Alberta,90 years and older,14824
2007,British Columbia,All ages,4290987
2007,British Columbia,65 to 69 years,176825
2007,British Columbia,70 to 74 years,144573
2007,British Columbia,75 to 79 years,122090
2007,British Columbia,80 to 84 years,90157
2007,British Columbia,85 to 89 years,53675
2007,British Columbia,65 years and older,613847
2007,British Columbia,90 years and older,26527
2008,Newfoundland and Labrador,All ages,511569
2008,Newfoundland and Labrador,65 to 69 years,23863
2008,Newfoundland and Labrador,70 to 74 years,18123
2008,Newfoundland and Labrador,75 to 79 years,13784
2008,Newfoundland and Labrador,80 to 84 years,9378
2008,Newfoundland and Labrador,85 to 89 years,5553
2008,Newfoundland and Labrador,65 years and older,73210
2008,Newfoundland and Labrador,90 years and older,2509
2008,Prince Edward Island,All ages,138736
2008,Prince Edward Island,65 to 69 years,6204
2008,Prince Edward Island,70 to 74 years,5059
2008,Prince Edward Island,75 to 79 years,3983
2008,Prince Edward Island,80 to 84 years,2869
2008,Prince Edward Island,85 to 89 years,1850
2008,Prince Edward Island,65 years and older,20944
2008,Prince Edward Island,90 years and older,979
2008,Nova Scotia,All ages,935965
2008,Nova Scotia,65 to 69 years,43549
2008,Nova Scotia,70 to 74 years,33546
2008,Nova Scotia,75 to 79 years,26930
2008,Nova Scotia,80 to 84 years,19562
2008,Nova Scotia,85 to 89 years,12776
2008,Nova Scotia,65 years and older,143163
2008,Nova Scotia,90 years and older,6800
2008,New Brunswick,All ages,746875
2008,New Brunswick,65 to 69 years,34369
2008,New Brunswick,70 to 74 years,25890
2008,New Brunswick,75 to 79 years,21213
2008,New Brunswick,80 to 84 years,16115
2008,New Brunswick,85 to 89 years,10045
2008,New Brunswick,65 years and older,112819
2008,New Brunswick,90 years and older,5187
2008,Quebec,All ages,7761614
2008,Quebec,65 to 69 years,347670
2008,Quebec,70 to 74 years,264190
2008,Quebec,75 to 79 years,227006
2008,Quebec,80 to 84 years,161630
2008,Quebec,85 to 89 years,89110
2008,Quebec,65 years and older,1131063
2008,Quebec,90 years and older,41457
2008,Ontario,All ages,12883824
2008,Ontario,65 to 69 years,505456
2008,Ontario,70 to 74 years,409087
2008,Ontario,75 to 79 years,347635
2008,Ontario,80 to 84 years,258296
2008,Ontario,85 to 89 years,147745
2008,Ontario,65 years and older,1735231
2008,Ontario,90 years and older,67012
2008,Manitoba,All ages,1197767
2008,Manitoba,65 to 69 years,45107
2008,Manitoba,70 to 74 years,36193
2008,Manitoba,75 to 79 years,32299
2008,Manitoba,80 to 84 years,25653
2008,Manitoba,85 to 89 years,16657
2008,Manitoba,65 years and older,165034
2008,Manitoba,90 years and older,9125
2008,Saskatchewan,All ages,1017368
2008,Saskatchewan,65 to 69 years,38619
2008,Saskatchewan,70 to 74 years,33186
2008,Saskatchewan,75 to 79 years,29963
2008,Saskatchewan,80 to 84 years,24087
2008,Saskatchewan,85 to 89 years,15391
2008,Saskatchewan,65 years and older,150381
2008,Saskatchewan,90 years and older,9135
2008,Alberta,All ages,3595875
2008,Alberta,65 to 69 years,111633
2008,Alberta,70 to 74 years,87948
2008,Alberta,75 to 79 years,74255
2008,Alberta,80 to 84 years,52622
2008,Alberta,85 to 89 years,30946
2008,Alberta,65 years and older,372703
2008,Alberta,90 years and older,15299
2008,British Columbia,All ages,4349338
2008,British Columbia,65 to 69 years,185171
2008,British Columbia,70 to 74 years,146691
2008,British Columbia,75 to 79 years,123617
2008,British Columbia,80 to 84 years,91077
2008,British Columbia,85 to 89 years,56206
2008,British Columbia,65 years and older,630242
2008,British Columbia,90 years and older,27480
2009,Newfoundland and Labrador,All ages,516741
2009,Newfoundland and Labrador,65 to 69 years,25141
2009,Newfoundland and Labrador,70 to 74 years,18779
2009,Newfoundland and Labrador,75 to 79 years,14096
2009,Newfoundland and Labrador,80 to 84 years,9643
2009,Newfoundland and Labrador,85 to 89 years,5507
2009,Newfoundland and Labrador,65 years and older,75784
2009,Newfoundland and Labrador,90 years and older,2618
2009,Prince Edward Island,All ages,139873
2009,Prince Edward Island,65 to 69 years,6528
2009,Prince Edward Island,70 to 74 years,5102
2009,Prince Edward Island,75 to 79 years,4061
2009,Prince Edward Island,80 to 84 years,2899
2009,Prince Edward Island,85 to 89 years,1818
2009,Prince Edward Island,65 years and older,21404
2009,Prince Edward Island,90 years and older,996
2009,Nova Scotia,All ages,938266
2009,Nova Scotia,65 to 69 years,45226
2009,Nova Scotia,70 to 74 years,34512
2009,Nova Scotia,75 to 79 years,27140
2009,Nova Scotia,80 to 84 years,19706
2009,Nova Scotia,85 to 89 years,12916
2009,Nova Scotia,65 years and older,146601
2009,Nova Scotia,90 years and older,7101
2009,New Brunswick,All ages,749956
2009,New Brunswick,65 to 69 years,35822
2009,New Brunswick,70 to 74 years,26797
2009,New Brunswick,75 to 79 years,21454
2009,New Brunswick,80 to 84 years,16042
2009,New Brunswick,85 to 89 years,10244
2009,New Brunswick,65 years and older,115845
2009,New Brunswick,90 years and older,5486
2009,Quebec,All ages,7843915
2009,Quebec,65 to 69 years,365936
2009,Quebec,70 to 74 years,270840
2009,Quebec,75 to 79 years,228991
2009,Quebec,80 to 84 years,165977
2009,Quebec,85 to 89 years,94341
2009,Quebec,65 years and older,1169954
2009,Quebec,90 years and older,43869
2009,Ontario,All ages,12998941
2009,Ontario,65 to 69 years,525446
2009,Ontario,70 to 74 years,419677
2009,Ontario,75 to 79 years,350230
2009,Ontario,80 to 84 years,260727
2009,Ontario,85 to 89 years,156876
2009,Ontario,65 years and older,1782737
2009,Ontario,90 years and older,69781
2009,Manitoba,All ages,1208555
2009,Manitoba,65 to 69 years,46879
2009,Manitoba,70 to 74 years,36653
2009,Manitoba,75 to 79 years,31922
2009,Manitoba,80 to 84 years,25417
2009,Manitoba,85 to 89 years,16994
2009,Manitoba,65 years and older,167234
2009,Manitoba,90 years and older,9369
2009,Saskatchewan,All ages,1034791
2009,Saskatchewan,65 to 69 years,39535
2009,Saskatchewan,70 to 74 years,33049
2009,Saskatchewan,75 to 79 years,29665
2009,Saskatchewan,80 to 84 years,24018
2009,Saskatchewan,85 to 89 years,15709
2009,Saskatchewan,65 years and older,151258
2009,Saskatchewan,90 years and older,9282
2009,Alberta,All ages,3679010
2009,Alberta,65 to 69 years,116653
2009,Alberta,70 to 74 years,89510
2009,Alberta,75 to 79 years,74843
2009,Alberta,80 to 84 years,53996
2009,Alberta,85 to 89 years,32083
2009,Alberta,65 years and older,383007
2009,Alberta,90 years and older,15922
2009,British Columbia,All ages,4410513
2009,British Columbia,65 to 69 years,194772
2009,British Columbia,70 to 74 years,150300
2009,British Columbia,75 to 79 years,124280
2009,British Columbia,80 to 84 years,92025
2009,British Columbia,85 to 89 years,58735
2009,British Columbia,65 years and older,648778
2009,British Columbia,90 years and older,28666
2010,Newfoundland and Labrador,All ages,522002
2010,Newfoundland and Labrador,65 to 69 years,26504
2010,Newfoundland and Labrador,70 to 74 years,19375
2010,Newfoundland and Labrador,75 to 79 years,14384
2010,Newfoundland and Labrador,80 to 84 years,9872
2010,Newfoundland and Labrador,85 to 89 years,5545
2010,Newfoundland and Labrador,65 years and older,78502
2010,Newfoundland and Labrador,90 years and older,2822
2010,Prince Edward Island,All ages,141644
2010,Prince Edward Island,65 to 69 years,6826
2010,Prince Edward Island,70 to 74 years,5283
2010,Prince Edward Island,75 to 79 years,4140
2010,Prince Edward Island,80 to 84 years,2914
2010,Prince Edward Island,85 to 89 years,1835
2010,Prince Edward Island,65 years and older,22053
2010,Prince Edward Island,90 years and older,1055
2010,Nova Scotia,All ages,942144
2010,Nova Scotia,65 to 69 years,47156
2010,Nova Scotia,70 to 74 years,35228
2010,Nova Scotia,75 to 79 years,27500
2010,Nova Scotia,80 to 84 years,19747
2010,Nova Scotia,85 to 89 years,12811
2010,Nova Scotia,65 years and older,149910
2010,Nova Scotia,90 years and older,7468
2010,New Brunswick,All ages,753034
2010,New Brunswick,65 to 69 years,37279
2010,New Brunswick,70 to 74 years,27681
2010,New Brunswick,75 to 79 years,21723
2010,New Brunswick,80 to 84 years,16042
2010,New Brunswick,85 to 89 years,10434
2010,New Brunswick,65 years and older,118933
2010,New Brunswick,90 years and older,5774
2010,Quebec,All ages,7929479
2010,Quebec,65 to 69 years,385600
2010,Quebec,70 to 74 years,279198
2010,Quebec,75 to 79 years,230160
2010,Quebec,80 to 84 years,170983
2010,Quebec,85 to 89 years,99349
2010,Quebec,65 years and older,1212501
2010,Quebec,90 years and older,47211
2010,Ontario,All ages,13136481
2010,Ontario,65 to 69 years,545055
2010,Ontario,70 to 74 years,429626
2010,Ontario,75 to 79 years,353270
2010,Ontario,80 to 84 years,265725
2010,Ontario,85 to 89 years,162653
2010,Ontario,65 years and older,1832297
2010,Ontario,90 years and older,75968
2010,Manitoba,All ages,1220782
2010,Manitoba,65 to 69 years,48609
2010,Manitoba,70 to 74 years,37108
2010,Manitoba,75 to 79 years,31455
2010,Manitoba,80 to 84 years,25447
2010,Manitoba,85 to 89 years,17025
2010,Manitoba,65 years and older,169546
2010,Manitoba,90 years and older,9902
2010,Saskatchewan,All ages,1051426
2010,Saskatchewan,65 to 69 years,40551
2010,Saskatchewan,70 to 74 years,33163
2010,Saskatchewan,75 to 79 years,29139
2010,Saskatchewan,80 to 84 years,23858
2010,Saskatchewan,85 to 89 years,15830
2010,Saskatchewan,65 years and older,152338
2010,Saskatchewan,90 years and older,9797
2010,Alberta,All ages,3732104
2010,Alberta,65 to 69 years,121141
2010,Alberta,70 to 74 years,91804
2010,Alberta,75 to 79 years,75105
2010,Alberta,80 to 84 years,55936
2010,Alberta,85 to 89 years,32614
2010,Alberta,65 years and older,393689
2010,Alberta,90 years and older,17089
2010,British Columbia,All ages,4465557
2010,British Columbia,65 to 69 years,202868
2010,British Columbia,70 to 74 years,154539
2010,British Columbia,75 to 79 years,125344
2010,British Columbia,80 to 84 years,93900
2010,British Columbia,85 to 89 years,59465
2010,British Columbia,65 years and older,667476
2010,British Columbia,90 years and older,31360
2011,Newfoundland and Labrador,All ages,524955
2011,Newfoundland and Labrador,65 to 69 years,28916
2011,Newfoundland and Labrador,70 to 74 years,20080
2011,Newfoundland and Labrador,75 to 79 years,14590
2011,Newfoundland and Labrador,80 to 84 years,10036
2011,Newfoundland and Labrador,85 to 89 years,5675
2011,Newfoundland and Labrador,65 years and older,82320
2011,Newfoundland and Labrador,90 years and older,3023
2011,Prince Edward Island,All ages,143918
2011,Prince Edward Island,65 to 69 years,7267
2011,Prince Edward Island,70 to 74 years,5397
2011,Prince Edward Island,75 to 79 years,4294
2011,Prince Edward Island,80 to 84 years,2938
2011,Prince Edward Island,85 to 89 years,1893
2011,Prince Edward Island,65 years and older,22884
2011,Prince Edward Island,90 years and older,1095
2011,Nova Scotia,All ages,944095
2011,Nova Scotia,65 to 69 years,49346
2011,Nova Scotia,70 to 74 years,36470
2011,Nova Scotia,75 to 79 years,27645
2011,Nova Scotia,80 to 84 years,20023
2011,Nova Scotia,85 to 89 years,12657
2011,Nova Scotia,65 years and older,153979
2011,Nova Scotia,90 years and older,7838
2011,New Brunswick,All ages,755590
2011,New Brunswick,65 to 69 years,38870
2011,New Brunswick,70 to 74 years,28981
2011,New Brunswick,75 to 79 years,22142
2011,New Brunswick,80 to 84 years,16159
2011,New Brunswick,85 to 89 years,10473
2011,New Brunswick,65 years and older,122628
2011,New Brunswick,90 years and older,6003
2011,Quebec,All ages,8004736
2011,Quebec,65 to 69 years,403720
2011,Quebec,70 to 74 years,291806
2011,Quebec,75 to 79 years,230757
2011,Quebec,80 to 84 years,175914
2011,Quebec,85 to 89 years,103112
2011,Quebec,65 years and older,1256193
2011,Quebec,90 years and older,50884
2011,Ontario,All ages,13262345
2011,Ontario,65 to 69 years,570236
2011,Ontario,70 to 74 years,441654
2011,Ontario,75 to 79 years,355870
2011,Ontario,80 to 84 years,271728
2011,Ontario,85 to 89 years,166256
2011,Ontario,65 years and older,1888681
2011,Ontario,90 years and older,82937
2011,Manitoba,All ages,1233353
2011,Manitoba,65 to 69 years,50397
2011,Manitoba,70 to 74 years,38255
2011,Manitoba,75 to 79 years,31272
2011,Manitoba,80 to 84 years,25358
2011,Manitoba,85 to 89 years,16806
2011,Manitoba,65 years and older,172366
2011,Manitoba,90 years and older,10278
2011,Saskatchewan,All ages,1065661
2011,Saskatchewan,65 to 69 years,41877
2011,Saskatchewan,70 to 74 years,33699
2011,Saskatchewan,75 to 79 years,28741
2011,Saskatchewan,80 to 84 years,23842
2011,Saskatchewan,85 to 89 years,15762
2011,Saskatchewan,65 years and older,153856
2011,Saskatchewan,90 years and older,9935
2011,Alberta,All ages,3787705
2011,Alberta,65 to 69 years,127119
2011,Alberta,70 to 74 years,94714
2011,Alberta,75 to 79 years,75809
2011,Alberta,80 to 84 years,57614
2011,Alberta,85 to 89 years,33633
2011,Alberta,65 years and older,407025
2011,Alberta,90 years and older,18136
2011,British Columbia,All ages,4503819
2011,British Columbia,65 to 69 years,211431
2011,British Columbia,70 to 74 years,160188
2011,British Columbia,75 to 79 years,126701
2011,British Columbia,80 to 84 years,96463
2011,British Columbia,85 to 89 years,59925
2011,British Columbia,65 years and older,688612
2011,British Columbia,90 years and older,33904
2012,Newfoundland and Labrador,All ages,526235
2012,Newfoundland and Labrador,65 to 69 years,31207
2012,Newfoundland and Labrador,70 to 74 years,20710
2012,Newfoundland and Labrador,75 to 79 years,14986
2012,Newfoundland and Labrador,80 to 84 years,10165
2012,Newfoundland and Labrador,85 to 89 years,5755
2012,Newfoundland and Labrador,65 years and older,85965
2012,Newfoundland and Labrador,90 years and older,3142
2012,Prince Edward Island,All ages,144415
2012,Prince Edward Island,65 to 69 years,7996
2012,Prince Edward Island,70 to 74 years,5538
2012,Prince Edward Island,75 to 79 years,4372
2012,Prince Edward Island,80 to 84 years,2988
2012,Prince Edward Island,85 to 89 years,1877
2012,Prince Edward Island,65 years and older,23938
2012,Prince Edward Island,90 years and older,1167
2012,Nova Scotia,All ages,943163
2012,Nova Scotia,65 to 69 years,53321
2012,Nova Scotia,70 to 74 years,37884
2012,Nova Scotia,75 to 79 years,28110
2012,Nova Scotia,80 to 84 years,20389
2012,Nova Scotia,85 to 89 years,12533
2012,Nova Scotia,65 years and older,160487
2012,Nova Scotia,90 years and older,8250
2012,New Brunswick,All ages,758121
2012,New Brunswick,65 to 69 years,42075
2012,New Brunswick,70 to 74 years,30311
2012,New Brunswick,75 to 79 years,22188
2012,New Brunswick,80 to 84 years,16602
2012,New Brunswick,85 to 89 years,10481
2012,New Brunswick,65 years and older,127999
2012,New Brunswick,90 years and older,6342
2012,Quebec,All ages,8059752
2012,Quebec,65 to 69 years,424939
2012,Quebec,70 to 74 years,304850
2012,Quebec,75 to 79 years,230136
2012,Quebec,80 to 84 years,180116
2012,Quebec,85 to 89 years,106522
2012,Quebec,65 years and older,1301474
2012,Quebec,90 years and older,54911
2012,Ontario,All ages,13392364
2012,Ontario,65 to 69 years,615938
2012,Ontario,70 to 74 years,455487
2012,Ontario,75 to 79 years,359629
2012,Ontario,80 to 84 years,276987
2012,Ontario,85 to 89 years,171225
2012,Ontario,65 years and older,1968970
2012,Ontario,90 years and older,89704
2012,Manitoba,All ages,1249094
2012,Manitoba,65 to 69 years,54185
2012,Manitoba,70 to 74 years,39299
2012,Manitoba,75 to 79 years,31094
2012,Manitoba,80 to 84 years,25442
2012,Manitoba,85 to 89 years,16869
2012,Manitoba,65 years and older,177551
2012,Manitoba,90 years and older,10662
2012,Saskatchewan,All ages,1083005
2012,Saskatchewan,65 to 69 years,44617
2012,Saskatchewan,70 to 74 years,34133
2012,Saskatchewan,75 to 79 years,28460
2012,Saskatchewan,80 to 84 years,23827
2012,Saskatchewan,85 to 89 years,15827
2012,Saskatchewan,65 years and older,157087
2012,Saskatchewan,90 years and older,10223
2012,Alberta,All ages,3871947
2012,Alberta,65 to 69 years,138243
2012,Alberta,70 to 74 years,98210
2012,Alberta,75 to 79 years,76709
2012,Alberta,80 to 84 years,58877
2012,Alberta,85 to 89 years,34816
2012,Alberta,65 years and older,426052
2012,Alberta,90 years and older,19197
2012,British Columbia,All ages,4570866
2012,British Columbia,65 to 69 years,228963
2012,British Columbia,70 to 74 years,165908
2012,British Columbia,75 to 79 years,128295
2012,British Columbia,80 to 84 years,98275
2012,British Columbia,85 to 89 years,60875
2012,British Columbia,65 years and older,718185
2012,British Columbia,90 years and older,35869
2013,Newfoundland and Labrador,All ages,526960
2013,Newfoundland and Labrador,65 to 69 years,32956
2013,Newfoundland and Labrador,70 to 74 years,21634
2013,Newfoundland and Labrador,75 to 79 years,15442
2013,Newfoundland and Labrador,80 to 84 years,10405
2013,Newfoundland and Labrador,85 to 89 years,5816
2013,Newfoundland and Labrador,65 years and older,89408
2013,Newfoundland and Labrador,90 years and older,3155
2013,Prince Edward Island,All ages,143942
2013,Prince Edward Island,65 to 69 years,8663
2013,Prince Edward Island,70 to 74 years,5740
2013,Prince Edward Island,75 to 79 years,4399
2013,Prince Edward Island,80 to 84 years,3104
2013,Prince Edward Island,85 to 89 years,1862
2013,Prince Edward Island,65 years and older,24975
2013,Prince Edward Island,90 years and older,1207
2013,Nova Scotia,All ages,939808
2013,Nova Scotia,65 to 69 years,56676
2013,Nova Scotia,70 to 74 years,39528
2013,Nova Scotia,75 to 79 years,28770
2013,Nova Scotia,80 to 84 years,20668
2013,Nova Scotia,85 to 89 years,12681
2013,Nova Scotia,65 years and older,166674
2013,Nova Scotia,90 years and older,8351
2013,New Brunswick,All ages,758261
2013,New Brunswick,65 to 69 years,45061
2013,New Brunswick,70 to 74 years,31706
2013,New Brunswick,75 to 79 years,22636
2013,New Brunswick,80 to 84 years,16818
2013,New Brunswick,85 to 89 years,10591
2013,New Brunswick,65 years and older,133417
2013,New Brunswick,90 years and older,6605
2013,Quebec,All ages,8108825
2013,Quebec,65 to 69 years,442241
2013,Quebec,70 to 74 years,319853
2013,Quebec,75 to 79 years,231752
2013,Quebec,80 to 84 years,182332
2013,Quebec,85 to 89 years,109860
2013,Quebec,65 years and older,1344221
2013,Quebec,90 years and older,58183
2013,Ontario,All ages,13511902
2013,Ontario,65 to 69 years,654740
2013,Ontario,70 to 74 years,474680
2013,Ontario,75 to 79 years,366472
2013,Ontario,80 to 84 years,280904
2013,Ontario,85 to 89 years,175962
2013,Ontario,65 years and older,2048361
2013,Ontario,90 years and older,95603
2013,Manitoba,All ages,1263393
2013,Manitoba,65 to 69 years,57171
2013,Manitoba,70 to 74 years,40820
2013,Manitoba,75 to 79 years,31397
2013,Manitoba,80 to 84 years,25345
2013,Manitoba,85 to 89 years,16977
2013,Manitoba,65 years and older,182735
2013,Manitoba,90 years and older,11025
2013,Saskatchewan,All ages,1098868
2013,Saskatchewan,65 to 69 years,46869
2013,Saskatchewan,70 to 74 years,34831
2013,Saskatchewan,75 to 79 years,28453
2013,Saskatchewan,80 to 84 years,23488
2013,Saskatchewan,85 to 89 years,15982
2013,Saskatchewan,65 years and older,159973
2013,Saskatchewan,90 years and older,10350
2013,Alberta,All ages,3978532
2013,Alberta,65 to 69 years,148789
2013,Alberta,70 to 74 years,102996
2013,Alberta,75 to 79 years,78059
2013,Alberta,80 to 84 years,59886
2013,Alberta,85 to 89 years,36076
2013,Alberta,65 years and older,445947
2013,Alberta,90 years and older,20141
2013,British Columbia,All ages,4634943
2013,British Columbia,65 to 69 years,244434
2013,British Columbia,70 to 74 years,174591
2013,British Columbia,75 to 79 years,130659
2013,British Columbia,80 to 84 years,100046
2013,British Columbia,85 to 89 years,62251
2013,British Columbia,65 years and older,749449
2013,British Columbia,90 years and older,37468
2014,Newfoundland and Labrador,All ages,527970
2014,Newfoundland and Labrador,65 to 69 years,34554
2014,Newfoundland and Labrador,70 to 74 years,22683
2014,Newfoundland and Labrador,75 to 79 years,15865
2014,Newfoundland and Labrador,80 to 84 years,10643
2014,Newfoundland and Labrador,85 to 89 years,5939
2014,Newfoundland and Labrador,65 years and older,92882
2014,Newfoundland and Labrador,90 years and older,3198
2014,Prince Edward Island,All ages,144095
2014,Prince Edward Island,65 to 69 years,9128
2014,Prince Edward Island,70 to 74 years,6107
2014,Prince Edward Island,75 to 79 years,4469
2014,Prince Edward Island,80 to 84 years,3229
2014,Prince Edward Island,85 to 89 years,1871
2014,Prince Edward Island,65 years and older,25988
2014,Prince Edward Island,90 years and older,1184
2014,Nova Scotia,All ages,937768
2014,Nova Scotia,65 to 69 years,59240
2014,Nova Scotia,70 to 74 years,41172
2014,Nova Scotia,75 to 79 years,29729
2014,Nova Scotia,80 to 84 years,20966
2014,Nova Scotia,85 to 89 years,12803
2014,Nova Scotia,65 years and older,172318
2014,Nova Scotia,90 years and older,8408
2014,New Brunswick,All ages,758657
2014,New Brunswick,65 to 69 years,47831
2014,New Brunswick,70 to 74 years,33144
2014,New Brunswick,75 to 79 years,23484
2014,New Brunswick,80 to 84 years,17041
2014,New Brunswick,85 to 89 years,10603
2014,New Brunswick,65 years and older,138915
2014,New Brunswick,90 years and older,6812
2014,Quebec,All ages,8147535
2014,Quebec,65 to 69 years,458402
2014,Quebec,70 to 74 years,335412
2014,Quebec,75 to 79 years,237051
2014,Quebec,80 to 84 years,183509
2014,Quebec,85 to 89 years,112908
2014,Quebec,65 years and older,1388979
2014,Quebec,90 years and older,61697
2014,Ontario,All ages,13617763
2014,Ontario,65 to 69 years,685959
2014,Ontario,70 to 74 years,493234
2014,Ontario,75 to 79 years,376090
2014,Ontario,80 to 84 years,284184
2014,Ontario,85 to 89 years,179154
2014,Ontario,65 years and older,2120562
2014,Ontario,90 years and older,101941
2014,Manitoba,All ages,1277425
2014,Manitoba,65 to 69 years,59562
2014,Manitoba,70 to 74 years,42403
2014,Manitoba,75 to 79 years,31766
2014,Manitoba,80 to 84 years,25117
2014,Manitoba,85 to 89 years,16999
2014,Manitoba,65 years and older,187156
2014,Manitoba,90 years and older,11309
2014,Saskatchewan,All ages,1111989
2014,Saskatchewan,65 to 69 years,48978
2014,Saskatchewan,70 to 74 years,35559
2014,Saskatchewan,75 to 79 years,28275
2014,Saskatchewan,80 to 84 years,23310
2014,Saskatchewan,85 to 89 years,16020
2014,Saskatchewan,65 years and older,162670
2014,Saskatchewan,90 years and older,10528
2014,Alberta,All ages,4081271
2014,Alberta,65 to 69 years,157280
2014,Alberta,70 to 74 years,107939
2014,Alberta,75 to 79 years,79655
2014,Alberta,80 to 84 years,60754
2014,Alberta,85 to 89 years,37179
2014,Alberta,65 years and older,464049
2014,Alberta,90 years and older,21242
2014,British Columbia,All ages,4712691
2014,British Columbia,65 to 69 years,257989
2014,British Columbia,70 to 74 years,184307
2014,British Columbia,75 to 79 years,133906
2014,British Columbia,80 to 84 years,101272
2014,British Columbia,85 to 89 years,63751
2014,British Columbia,65 years and older,780496
2014,British Columbia,90 years and older,39271
2015,Newfoundland and Labrador,All ages,528348
2015,Newfoundland and Labrador,65 to 69 years,36355
2015,Newfoundland and Labrador,70 to 74 years,23741
2015,Newfoundland and Labrador,75 to 79 years,16208
2015,Newfoundland and Labrador,80 to 84 years,10675
2015,Newfoundland and Labrador,85 to 89 years,6013
2015,Newfoundland and Labrador,65 years and older,96211
2015,Newfoundland and Labrador,90 years and older,3219
2015,Prince Edward Island,All ages,144636
2015,Prince Edward Island,65 to 69 years,9626
2015,Prince Edward Island,70 to 74 years,6319
2015,Prince Edward Island,75 to 79 years,4573
2015,Prince Edward Island,80 to 84 years,3232
2015,Prince Edward Island,85 to 89 years,1879
2015,Prince Edward Island,65 years and older,26794
2015,Prince Edward Island,90 years and older,1165
2015,Nova Scotia,All ages,937419
2015,Nova Scotia,65 to 69 years,61723
2015,Nova Scotia,70 to 74 years,42972
2015,Nova Scotia,75 to 79 years,30357
2015,Nova Scotia,80 to 84 years,21318
2015,Nova Scotia,85 to 89 years,12825
2015,Nova Scotia,65 years and older,177402
2015,Nova Scotia,90 years and older,8207
2015,New Brunswick,All ages,759226
2015,New Brunswick,65 to 69 years,50492
2015,New Brunswick,70 to 74 years,34598
2015,New Brunswick,75 to 79 years,24160
2015,New Brunswick,80 to 84 years,17184
2015,New Brunswick,85 to 89 years,10568
2015,New Brunswick,65 years and older,143781
2015,New Brunswick,90 years and older,6779
2015,Quebec,All ages,8175743
2015,Quebec,65 to 69 years,470789
2015,Quebec,70 to 74 years,352246
2015,Quebec,75 to 79 years,242807
2015,Quebec,80 to 84 years,183395
2015,Quebec,85 to 89 years,115462
2015,Quebec,65 years and older,1429426
2015,Quebec,90 years and older,64727
2015,Ontario,All ages,13709293
2015,Ontario,65 to 69 years,715949
2015,Ontario,70 to 74 years,510594
2015,Ontario,75 to 79 years,383850
2015,Ontario,80 to 84 years,287157
2015,Ontario,85 to 89 years,183097
2015,Ontario,65 years and older,2187820
2015,Ontario,90 years and older,107173
2015,Manitoba,All ages,1293598
2015,Manitoba,65 to 69 years,62258
2015,Manitoba,70 to 74 years,43883
2015,Manitoba,75 to 79 years,32087
2015,Manitoba,80 to 84 years,24732
2015,Manitoba,85 to 89 years,17027
2015,Manitoba,65 years and older,191466
2015,Manitoba,90 years and older,11479
2015,Saskatchewan,All ages,1122210
2015,Saskatchewan,65 to 69 years,51194
2015,Saskatchewan,70 to 74 years,36439
2015,Saskatchewan,75 to 79 years,28329
2015,Saskatchewan,80 to 84 years,22977
2015,Saskatchewan,85 to 89 years,16041
2015,Saskatchewan,65 years and older,165795
2015,Saskatchewan,90 years and older,10815
2015,Alberta,All ages,4150147
2015,Alberta,65 to 69 years,166325
2015,Alberta,70 to 74 years,112395
2015,Alberta,75 to 79 years,81500
2015,Alberta,80 to 84 years,61126
2015,Alberta,85 to 89 years,38523
2015,Alberta,65 years and older,481867
2015,Alberta,90 years and older,21998
2015,British Columbia,All ages,4765472
2015,British Columbia,65 to 69 years,274400
2015,British Columbia,70 to 74 years,192357
2015,British Columbia,75 to 79 years,137857
2015,British Columbia,80 to 84 years,102426
2015,British Columbia,85 to 89 years,65339
2015,British Columbia,65 years and older,812892
2015,British Columbia,90 years and older,40513
2016,Newfoundland and Labrador,All ages,529586
2016,Newfoundland and Labrador,65 to 69 years,37177
2016,Newfoundland and Labrador,70 to 74 years,26037
2016,Newfoundland and Labrador,75 to 79 years,16680
2016,Newfoundland and Labrador,80 to 84 years,10898
2016,Newfoundland and Labrador,85 to 89 years,6088
2016,Newfoundland and Labrador,65 years and older,100234
2016,Newfoundland and Labrador,90 years and older,3354
2016,Prince Edward Island,All ages,146891
2016,Prince Edward Island,65 to 69 years,9948
2016,Prince Edward Island,70 to 74 years,6711
2016,Prince Edward Island,75 to 79 years,4686
2016,Prince Edward Island,80 to 84 years,3369
2016,Prince Edward Island,85 to 89 years,1902
2016,Prince Edward Island,65 years and older,27845
2016,Prince Edward Island,90 years and older,1229
2016,Nova Scotia,All ages,942984
2016,Nova Scotia,65 to 69 years,63488
2016,Nova Scotia,70 to 74 years,45170
2016,Nova Scotia,75 to 79 years,31309
2016,Nova Scotia,80 to 84 years,21730
2016,Nova Scotia,85 to 89 years,13149
2016,Nova Scotia,65 years and older,183174
2016,Nova Scotia,90 years and older,8328
2016,New Brunswick,All ages,763322
2016,New Brunswick,65 to 69 years,52245
2016,New Brunswick,70 to 74 years,36338
2016,New Brunswick,75 to 79 years,25290
2016,New Brunswick,80 to 84 years,17561
2016,New Brunswick,85 to 89 years,10689
2016,New Brunswick,65 years and older,149103
2016,New Brunswick,90 years and older,6980
2016,Quebec,All ages,8225036
2016,Quebec,65 to 69 years,482801
2016,Quebec,70 to 74 years,369141
2016,Quebec,75 to 79 years,252491
2016,Quebec,80 to 84 years,183765
2016,Quebec,85 to 89 years,119129
2016,Quebec,65 years and older,1476397
2016,Quebec,90 years and older,69070
2016,Ontario,All ages,13876500
2016,Ontario,65 to 69 years,739672
2016,Ontario,70 to 74 years,534016
2016,Ontario,75 to 79 years,393482
2016,Ontario,80 to 84 years,290826
2016,Ontario,85 to 89 years,188801
2016,Ontario,65 years and older,2260652
2016,Ontario,90 years and older,113855
2016,Manitoba,All ages,1314140
2016,Manitoba,65 to 69 years,64237
2016,Manitoba,70 to 74 years,45664
2016,Manitoba,75 to 79 years,32963
2016,Manitoba,80 to 84 years,24781
2016,Manitoba,85 to 89 years,17085
2016,Manitoba,65 years and older,196504
2016,Manitoba,90 years and older,11774
2016,Saskatchewan,All ages,1135496
2016,Saskatchewan,65 to 69 years,53085
2016,Saskatchewan,70 to 74 years,37579
2016,Saskatchewan,75 to 79 years,28946
2016,Saskatchewan,80 to 84 years,22704
2016,Saskatchewan,85 to 89 years,16054
2016,Saskatchewan,65 years and older,169408
2016,Saskatchewan,90 years and older,11040
2016,Alberta,All ages,4195427
2016,Alberta,65 to 69 years,174499
2016,Alberta,70 to 74 years,118278
2016,Alberta,75 to 79 years,84086
2016,Alberta,80 to 84 years,62091
2016,Alberta,85 to 89 years,40038
2016,Alberta,65 years and older,502101
2016,Alberta,90 years and older,23109
2016,British Columbia,All ages,4861269
2016,British Columbia,65 to 69 years,287927
2016,British Columbia,70 to 74 years,201602
2016,British Columbia,75 to 79 years,143037
2016,British Columbia,80 to 84 years,103881
2016,British Columbia,85 to 89 years,67248
2016,British Columbia,65 years and older,845515
2016,British Columbia,90 years and older,41820
2017,Newfoundland and Labrador,All ages,529742
2017,Newfoundland and Labrador,65 to 69 years,37953
2017,Newfoundland and Labrador,70 to 74 years,28285
2017,Newfoundland and Labrador,75 to 79 years,17444
2017,Newfoundland and Labrador,80 to 84 years,11283
2017,Newfoundland and Labrador,85 to 89 years,6209
2017,Newfoundland and Labrador,65 years and older,104491
2017,Newfoundland and Labrador,90 years and older,3317
2017,Prince Edward Island,All ages,149740
2017,Prince Edward Island,65 to 69 years,9837
2017,Prince Edward Island,70 to 74 years,7431
2017,Prince Edward Island,75 to 79 years,4832
2017,Prince Edward Island,80 to 84 years,3464
2017,Prince Edward Island,85 to 89 years,1973
2017,Prince Edward Island,65 years and older,28797
2017,Prince Edward Island,90 years and older,1260
2017,Nova Scotia,All ages,952159
2017,Nova Scotia,65 to 69 years,63485
2017,Nova Scotia,70 to 74 years,49177
2017,Nova Scotia,75 to 79 years,32790
2017,Nova Scotia,80 to 84 years,22149
2017,Nova Scotia,85 to 89 years,13470
2017,Nova Scotia,65 years and older,189342
2017,Nova Scotia,90 years and older,8271
2017,New Brunswick,All ages,766697
2017,New Brunswick,65 to 69 years,52690
2017,New Brunswick,70 to 74 years,39480
2017,New Brunswick,75 to 79 years,26554
2017,New Brunswick,80 to 84 years,17664
2017,New Brunswick,85 to 89 years,11072
2017,New Brunswick,65 years and older,154387
2017,New Brunswick,90 years and older,6927
2017,Quebec,All ages,8292832
2017,Quebec,65 to 69 years,489292
2017,Quebec,70 to 74 years,390072
2017,Quebec,75 to 79 years,265423
2017,Quebec,80 to 84 years,183903
2017,Quebec,85 to 89 years,123108
2017,Quebec,65 years and older,1523503
2017,Quebec,90 years and older,71705
2017,Ontario,All ages,14078499
2017,Ontario,65 to 69 years,745100
2017,Ontario,70 to 74 years,577854
2017,Ontario,75 to 79 years,407989
2017,Ontario,80 to 84 years,295142
2017,Ontario,85 to 89 years,193322
2017,Ontario,65 years and older,2338020
2017,Ontario,90 years and older,118613
2017,Manitoba,All ages,1334734
2017,Manitoba,65 to 69 years,65229
2017,Manitoba,70 to 74 years,49239
2017,Manitoba,75 to 79 years,34050
2017,Manitoba,80 to 84 years,24590
2017,Manitoba,85 to 89 years,17170
2017,Manitoba,65 years and older,202106
2017,Manitoba,90 years and older,11828
2017,Saskatchewan,All ages,1147315
2017,Saskatchewan,65 to 69 years,54519
2017,Saskatchewan,70 to 74 years,40175
2017,Saskatchewan,75 to 79 years,29486
2017,Saskatchewan,80 to 84 years,22536
2017,Saskatchewan,85 to 89 years,16055
2017,Saskatchewan,65 years and older,173940
2017,Saskatchewan,90 years and older,11169
2017,Alberta,All ages,4237310
2017,Alberta,65 to 69 years,179621
2017,Alberta,70 to 74 years,128695
2017,Alberta,75 to 79 years,87595
2017,Alberta,80 to 84 years,62923
2017,Alberta,85 to 89 years,41036
2017,Alberta,65 years and older,524103
2017,Alberta,90 years and older,24233
2017,British Columbia,All ages,4934202
2017,British Columbia,65 to 69 years,291658
2017,British Columbia,70 to 74 years,219245
2017,British Columbia,75 to 79 years,149493
2017,British Columbia,80 to 84 years,105535
2017,British Columbia,85 to 89 years,68812
2017,British Columbia,65 years and older,877408
2017,British Columbia,90 years and older,42665
2018,Newfoundland and Labrador,All ages,528402
2018,Newfoundland and Labrador,65 to 69 years,38789
2018,Newfoundland and Labrador,70 to 74 years,30310
2018,Newfoundland and Labrador,75 to 79 years,18492
2018,Newfoundland and Labrador,80 to 84 years,11741
2018,Newfoundland and Labrador,85 to 89 years,6356
2018,Newfoundland and Labrador,65 years and older,109050
2018,Newfoundland and Labrador,90 years and older,3362
2018,Prince Edward Island,All ages,152259
2018,Prince Edward Island,65 to 69 years,9803
2018,Prince Edward Island,70 to 74 years,8162
2018,Prince Edward Island,75 to 79 years,4989
2018,Prince Edward Island,80 to 84 years,3469
2018,Prince Edward Island,85 to 89 years,2061
2018,Prince Edward Island,65 years and older,29744
2018,Prince Edward Island,90 years and older,1260
2018,Nova Scotia,All ages,962072
2018,Nova Scotia,65 to 69 years,63816
2018,Nova Scotia,70 to 74 years,52590
2018,Nova Scotia,75 to 79 years,34381
2018,Nova Scotia,80 to 84 years,22809
2018,Nova Scotia,85 to 89 years,13710
2018,Nova Scotia,65 years and older,195652
2018,Nova Scotia,90 years and older,8346
2018,New Brunswick,All ages,770497
2018,New Brunswick,65 to 69 years,53469
2018,New Brunswick,70 to 74 years,42286
2018,New Brunswick,75 to 79 years,27865
2018,New Brunswick,80 to 84 years,18096
2018,New Brunswick,85 to 89 years,11253
2018,New Brunswick,65 years and older,159916
2018,New Brunswick,90 years and older,6947
2018,Quebec,All ages,8386951
2018,Quebec,65 to 69 years,497442
2018,Quebec,70 to 74 years,407676
2018,Quebec,75 to 79 years,279913
2018,Quebec,80 to 84 years,186053
2018,Quebec,85 to 89 years,125353
2018,Quebec,65 years and older,1570579
2018,Quebec,90 years and older,74142
2018,Ontario,All ages,14326746
2018,Ontario,65 to 69 years,756942
2018,Ontario,70 to 74 years,613234
2018,Ontario,75 to 79 years,425201
2018,Ontario,80 to 84 years,301177
2018,Ontario,85 to 89 years,197140
2018,Ontario,65 years and older,2416265
2018,Ontario,90 years and older,122571
2018,Manitoba,All ages,1352687
2018,Manitoba,65 to 69 years,66695
2018,Manitoba,70 to 74 years,52145
2018,Manitoba,75 to 79 years,35467
2018,Manitoba,80 to 84 years,24877
2018,Manitoba,85 to 89 years,16954
2018,Manitoba,65 years and older,208090
2018,Manitoba,90 years and older,11952
2018,Saskatchewan,All ages,1156210
2018,Saskatchewan,65 to 69 years,56485
2018,Saskatchewan,70 to 74 years,42282
2018,Saskatchewan,75 to 79 years,30283
2018,Saskatchewan,80 to 84 years,22671
2018,Saskatchewan,85 to 89 years,15998
2018,Saskatchewan,65 years and older,179039
2018,Saskatchewan,90 years and older,11320
2018,Alberta,All ages,4292556
2018,Alberta,65 to 69 years,186888
2018,Alberta,70 to 74 years,138322
2018,Alberta,75 to 79 years,92167
2018,Alberta,80 to 84 years,64194
2018,Alberta,85 to 89 years,42067
2018,Alberta,65 years and older,548657
2018,Alberta,90 years and older,25019
2018,British Columbia,All ages,5020979
2018,British Columbia,65 to 69 years,296651
2018,British Columbia,70 to 74 years,233821
2018,British Columbia,75 to 79 years,157910
2018,British Columbia,80 to 84 years,108006
2018,British Columbia,85 to 89 years,70229
2018,British Columbia,65 years and older,910405
2018,British Columbia,90 years and older,43788
2019,Newfoundland and Labrador,All ages,527643
2019,Newfoundland and Labrador,65 to 69 years,39747
2019,Newfoundland and Labrador,70 to 74 years,32081
2019,Newfoundland and Labrador,75 to 79 years,19706
2019,Newfoundland and Labrador,80 to 84 years,12284
2019,Newfoundland and Labrador,85 to 89 years,6539
2019,Newfoundland and Labrador,65 years and older,113764
2019,Newfoundland and Labrador,90 years and older,3407
2019,Prince Edward Island,All ages,155792
2019,Prince Edward Island,65 to 69 years,9995
2019,Prince Edward Island,70 to 74 years,8543
2019,Prince Edward Island,75 to 79 years,5336
2019,Prince Edward Island,80 to 84 years,3558
2019,Prince Edward Island,85 to 89 years,2165
2019,Prince Edward Island,65 years and older,30875
2019,Prince Edward Island,90 years and older,1278
2019,Nova Scotia,All ages,975799
2019,Nova Scotia,65 to 69 years,65384
2019,Nova Scotia,70 to 74 years,55295
2019,Nova Scotia,75 to 79 years,36076
2019,Nova Scotia,80 to 84 years,23645
2019,Nova Scotia,85 to 89 years,13962
2019,Nova Scotia,65 years and older,202688
2019,Nova Scotia,90 years and older,8326
2019,New Brunswick,All ages,777387
2019,New Brunswick,65 to 69 years,54592
2019,New Brunswick,70 to 74 years,44841
2019,New Brunswick,75 to 79 years,29239
2019,New Brunswick,80 to 84 years,18886
2019,New Brunswick,85 to 89 years,11398
2019,New Brunswick,65 years and older,165909
2019,New Brunswick,90 years and older,6953
2019,Quebec,All ages,8483186
2019,Quebec,65 to 69 years,509295
2019,Quebec,70 to 74 years,423869
2019,Quebec,75 to 79 years,295088
2019,Quebec,80 to 84 years,191108
2019,Quebec,85 to 89 years,126747
2019,Quebec,65 years and older,1622802
2019,Quebec,90 years and older,76695
2019,Ontario,All ages,14573565
2019,Ontario,65 to 69 years,777699
2019,Ontario,70 to 74 years,644105
2019,Ontario,75 to 79 years,442888
2019,Ontario,80 to 84 years,310557
2019,Ontario,85 to 89 years,200510
2019,Ontario,65 years and older,2502351
2019,Ontario,90 years and older,126592
2019,Manitoba,All ages,1370033
2019,Manitoba,65 to 69 years,69029
2019,Manitoba,70 to 74 years,54896
2019,Manitoba,75 to 79 years,36991
2019,Manitoba,80 to 84 years,25431
2019,Manitoba,85 to 89 years,16859
2019,Manitoba,65 years and older,215278
2019,Manitoba,90 years and older,12072
2019,Saskatchewan,All ages,1164223
2019,Saskatchewan,65 to 69 years,59407
2019,Saskatchewan,70 to 74 years,44644
2019,Saskatchewan,75 to 79 years,31168
2019,Saskatchewan,80 to 84 years,22656
2019,Saskatchewan,85 to 89 years,16118
2019,Saskatchewan,65 years and older,185352
2019,Saskatchewan,90 years and older,11359
2019,Alberta,All ages,4355377
2019,Alberta,65 to 69 years,197901
2019,Alberta,70 to 74 years,147519
2019,Alberta,75 to 79 years,97316
2019,Alberta,80 to 84 years,65902
2019,Alberta,85 to 89 years,42997
2019,Alberta,65 years and older,577725
2019,Alberta,90 years and older,26090
2019,British Columbia,All ages,5111022
2019,British Columbia,65 to 69 years,304234
2019,British Columbia,70 to 74 years,246439
2019,British Columbia,75 to 79 years,167020
2019,British Columbia,80 to 84 years,111554
2019,British Columbia,85 to 89 years,71449
2019,British Columbia,65 years and older,945713
2019,British Columbia,90 years and older,45017
2020,Newfoundland and Labrador,All ages,526884
2020,Newfoundland and Labrador,65 to 69 years,40502
2020,Newfoundland and Labrador,70 to 74 years,33967
2020,Newfoundland and Labrador,75 to 79 years,20885
2020,Newfoundland and Labrador,80 to 84 years,12926
2020,Newfoundland and Labrador,85 to 89 years,6665
2020,Newfoundland and Labrador,65 years and older,118470
2020,Newfoundland and Labrador,90 years and older,3525
2020,Prince Edward Island,All ages,159193
2020,Prince Edward Island,65 to 69 years,10211
2020,Prince Edward Island,70 to 74 years,9012
2020,Prince Edward Island,75 to 79 years,5590
2020,Prince Edward Island,80 to 84 years,3667
2020,Prince Edward Island,85 to 89 years,2206
2020,Prince Edward Island,65 years and older,31993
2020,Prince Edward Island,90 years and older,1307
2020,Nova Scotia,All ages,989168
2020,Nova Scotia,65 to 69 years,67272
2020,Nova Scotia,70 to 74 years,57837
2020,Nova Scotia,75 to 79 years,37879
2020,Nova Scotia,80 to 84 years,24392
2020,Nova Scotia,85 to 89 years,14415
2020,Nova Scotia,65 years and older,210159
2020,Nova Scotia,90 years and older,8364
2020,New Brunswick,All ages,783432
2020,New Brunswick,65 to 69 years,56085
2020,New Brunswick,70 to 74 years,47354
2020,New Brunswick,75 to 79 years,30654
2020,New Brunswick,80 to 84 years,19598
2020,New Brunswick,85 to 89 years,11619
2020,New Brunswick,65 years and older,172296
2020,New Brunswick,90 years and older,6986
2020,Quebec,All ages,8551095
2020,Quebec,65 to 69 years,524512
2020,Quebec,70 to 74 years,435879
2020,Quebec,75 to 79 years,311152
2020,Quebec,80 to 84 years,197043
2020,Quebec,85 to 89 years,126744
2020,Quebec,65 years and older,1673371
2020,Quebec,90 years and older,78041
2020,Ontario,All ages,14761811
2020,Ontario,65 to 69 years,802466
2020,Ontario,70 to 74 years,674042
2020,Ontario,75 to 79 years,458502
2020,Ontario,80 to 84 years,319071
2020,Ontario,85 to 89 years,203209
2020,Ontario,65 years and older,2587513
2020,Ontario,90 years and older,130223
2020,Manitoba,All ages,1380132
2020,Manitoba,65 to 69 years,71459
2020,Manitoba,70 to 74 years,57722
2020,Manitoba,75 to 79 years,38474
2020,Manitoba,80 to 84 years,25973
2020,Manitoba,85 to 89 years,16720
2020,Manitoba,65 years and older,222516
2020,Manitoba,90 years and older,12168
2020,Saskatchewan,All ages,1167386
2020,Saskatchewan,65 to 69 years,62572
2020,Saskatchewan,70 to 74 years,46981
2020,Saskatchewan,75 to 79 years,32228
2020,Saskatchewan,80 to 84 years,22928
2020,Saskatchewan,85 to 89 years,15810
2020,Saskatchewan,65 years and older,192121
2020,Saskatchewan,90 years and older,11602
2020,Alberta,All ages,4407495
2020,Alberta,65 to 69 years,209036
2020,Alberta,70 to 74 years,157294
2020,Alberta,75 to 79 years,101761
2020,Alberta,80 to 84 years,67879
2020,Alberta,85 to 89 years,43866
2020,Alberta,65 years and older,606936
2020,Alberta,90 years and older,27100
2020,British Columbia,All ages,5176101
2020,British Columbia,65 to 69 years,312153
2020,British Columbia,70 to 74 years,260883
2020,British Columbia,75 to 79 years,174713
2020,British Columbia,80 to 84 years,115908
2020,British Columbia,85 to 89 years,72521
2020,British Columbia,65 years and older,982576
2020,British Columbia,90 years and older,46398
2021,Newfoundland and Labrador,All ages,527056
2021,Newfoundland and Labrador,65 to 69 years,41033
2021,Newfoundland and Labrador,70 to 74 years,34861
2021,Newfoundland and Labrador,75 to 79 years,23132
2021,Newfoundland and Labrador,80 to 84 years,13632
2021,Newfoundland and Labrador,85 to 89 years,6941
2021,Newfoundland and Labrador,65 years and older,123208
2021,Newfoundland and Labrador,90 years and older,3609
2021,Prince Edward Island,All ages,162133
2021,Prince Edward Island,65 to 69 years,10630
2021,Prince Edward Island,70 to 74 years,9252
2021,Prince Edward Island,75 to 79 years,5955
2021,Prince Edward Island,80 to 84 years,3805
2021,Prince Edward Island,85 to 89 years,2295
2021,Prince Edward Island,65 years and older,33293
2021,Prince Edward Island,90 years and older,1356
2021,Nova Scotia,All ages,999908
2021,Nova Scotia,65 to 69 years,69075
2021,Nova Scotia,70 to 74 years,59659
2021,Nova Scotia,75 to 79 years,40152
2021,Nova Scotia,80 to 84 years,25470
2021,Nova Scotia,85 to 89 years,14752
2021,Nova Scotia,65 years and older,217785
2021,Nova Scotia,90 years and older,8677
2021,New Brunswick,All ages,790802
2021,New Brunswick,65 to 69 years,57554
2021,New Brunswick,70 to 74 years,49005
2021,New Brunswick,75 to 79 years,32256
2021,New Brunswick,80 to 84 years,20644
2021,New Brunswick,85 to 89 years,11915
2021,New Brunswick,65 years and older,178652
2021,New Brunswick,90 years and older,7278
2021,Quebec,All ages,8572020
2021,Quebec,65 to 69 years,537240
2021,Quebec,70 to 74 years,447014
2021,Quebec,75 to 79 years,326767
2021,Quebec,80 to 84 years,206808
2021,Quebec,85 to 89 years,127681
2021,Quebec,65 years and older,1727292
2021,Quebec,90 years and older,81782
2021,Ontario,All ages,14842488
2021,Ontario,65 to 69 years,825560
2021,Ontario,70 to 74 years,696597
2021,Ontario,75 to 79 years,478944
2021,Ontario,80 to 84 years,328235
2021,Ontario,85 to 89 years,206639
2021,Ontario,65 years and older,2671337
2021,Ontario,90 years and older,135362
2021,Manitoba,All ages,1391924
2021,Manitoba,65 to 69 years,73501
2021,Manitoba,70 to 74 years,59844
2021,Manitoba,75 to 79 years,40149
2021,Manitoba,80 to 84 years,26848
2021,Manitoba,85 to 89 years,16879
2021,Manitoba,65 years and older,229374
2021,Manitoba,90 years and older,12153
2021,Saskatchewan,All ages,1167711
2021,Saskatchewan,65 to 69 years,65408
2021,Saskatchewan,70 to 74 years,49114
2021,Saskatchewan,75 to 79 years,33272
2021,Saskatchewan,80 to 84 years,23372
2021,Saskatchewan,85 to 89 years,15783
2021,Saskatchewan,65 years and older,198565
2021,Saskatchewan,90 years and older,11616
2021,Alberta,All ages,4431531
2021,Alberta,65 to 69 years,220755
2021,Alberta,70 to 74 years,165232
2021,Alberta,75 to 79 years,107160
2021,Alberta,80 to 84 years,70535
2021,Alberta,85 to 89 years,44335
2021,Alberta,65 years and older,636049
2021,Alberta,90 years and older,28032
2021,British Columbia,All ages,5226665
2021,British Columbia,65 to 69 years,320767
2021,British Columbia,70 to 74 years,271722
2021,British Columbia,75 to 79 years,182468
2021,British Columbia,80 to 84 years,121067
2021,British Columbia,85 to 89 years,73685
2021,British Columbia,65 years and older,1018096
2021,British Columbia,90 years and older,48387
2022,Newfoundland and Labrador,All ages,531257
2022,Newfoundland and Labrador,65 to 69 years,41463
2022,Newfoundland and Labrador,70 to 74 years,35558
2022,Newfoundland and Labrador,75 to 79 years,25004
2022,Newfoundland and Labrador,80 to 84 years,14070
2022,Newfoundland and Labrador,85 to 89 years,7237
2022,Newfoundland and Labrador,65 years and older,126975
2022,Newfoundland and Labrador,90 years and older,3643
2022,Prince Edward Island,All ages,167200
2022,Prince Edward Island,65 to 69 years,10923
2022,Prince Edward Island,70 to 74 years,9314
2022,Prince Edward Island,75 to 79 years,6669
2022,Prince Edward Island,80 to 84 years,3941
2022,Prince Edward Island,85 to 89 years,2303
2022,Prince Edward Island,65 years and older,34523
2022,Prince Edward Island,90 years and older,1373
2022,Nova Scotia,All ages,1024034
2022,Nova Scotia,65 to 69 years,71496
2022,Nova Scotia,70 to 74 years,59690
2022,Nova Scotia,75 to 79 years,43772
2022,Nova Scotia,80 to 84 years,26534
2022,Nova Scotia,85 to 89 years,14985
2022,Nova Scotia,65 years and older,225308
2022,Nova Scotia,90 years and older,8831
2022,New Brunswick,All ages,808869
2022,New Brunswick,65 to 69 years,59334
2022,New Brunswick,70 to 74 years,49662
2022,New Brunswick,75 to 79 years,35079
2022,New Brunswick,80 to 84 years,21673
2022,New Brunswick,85 to 89 years,12075
2022,New Brunswick,65 years and older,185107
2022,New Brunswick,90 years and older,7284
2022,Quebec,All ages,8669963
2022,Quebec,65 to 69 years,556021
2022,Quebec,70 to 74 years,454218
2022,Quebec,75 to 79 years,346730
2022,Quebec,80 to 84 years,217344
2022,Quebec,85 to 89 years,128237
2022,Quebec,65 years and older,1787639
2022,Quebec,90 years and older,85089
2022,Ontario,All ages,15155836
2022,Ontario,65 to 69 years,853896
2022,Ontario,70 to 74 years,701037
2022,Ontario,75 to 79 years,519079
2022,Ontario,80 to 84 years,339967
2022,Ontario,85 to 89 years,210035
2022,Ontario,65 years and older,2763435
2022,Ontario,90 years and older,139421
2022,Manitoba,All ages,1413498
2022,Manitoba,65 to 69 years,75763
2022,Manitoba,70 to 74 years,60491
2022,Manitoba,75 to 79 years,43294
2022,Manitoba,80 to 84 years,27733
2022,Manitoba,85 to 89 years,16769
2022,Manitoba,65 years and older,236133
2022,Manitoba,90 years and older,12083
2022,Saskatchewan,All ages,1178796
2022,Saskatchewan,65 to 69 years,67777
2022,Saskatchewan,70 to 74 years,50462
2022,Saskatchewan,75 to 79 years,35546
2022,Saskatchewan,80 to 84 years,23892
2022,Saskatchewan,85 to 89 years,15406
2022,Saskatchewan,65 years and older,204647
2022,Saskatchewan,90 years and older,11564
2022,Alberta,All ages,4512731
2022,Alberta,65 to 69 years,232709
2022,Alberta,70 to 74 years,170911
2022,Alberta,75 to 79 years,117384
2022,Alberta,80 to 84 years,73515
2022,Alberta,85 to 89 years,44923
2022,Alberta,65 years and older,668205
2022,Alberta,90 years and older,28763
2022,British Columbia,All ages,5358845
2022,British Columbia,65 to 69 years,329766
2022,British Columbia,70 to 74 years,275553
2022,British Columbia,75 to 79 years,197916
2022,British Columbia,80 to 84 years,126014
2022,British Columbia,85 to 89 years,75344
2022,British Columbia,65 years and older,1054174
2022,British Columbia,90 years and older,49581
2023,Newfoundland and Labrador,All ages,538789
2023,Newfoundland and Labrador,65 to 69 years,41900
2023,Newfoundland and Labrador,70 to 74 years,36265
2023,Newfoundland and Labrador,75 to 79 years,26697
2023,Newfoundland and Labrador,80 to 84 years,14825
2023,Newfoundland and Labrador,85 to 89 years,7558
2023,Newfoundland and Labrador,65 years and older,130952
2023,Newfoundland and Labrador,90 years and older,3707
2023,Prince Edward Island,All ages,173734
2023,Prince Edward Island,65 to 69 years,11235
2023,Prince Edward Island,70 to 74 years,9368
2023,Prince Edward Island,75 to 79 years,7315
2023,Prince Edward Island,80 to 84 years,4039
2023,Prince Edward Island,85 to 89 years,2378
2023,Prince Edward Island,65 years and older,35729
2023,Prince Edward Island,90 years and older,1394
2023,Nova Scotia,All ages,1053005
2023,Nova Scotia,65 to 69 years,73648
2023,Nova Scotia,70 to 74 years,60095
2023,Nova Scotia,75 to 79 years,46683
2023,Nova Scotia,80 to 84 years,27796
2023,Nova Scotia,85 to 89 years,15491
2023,Nova Scotia,65 years and older,232630
2023,Nova Scotia,90 years and older,8917
2023,New Brunswick,All ages,831103
2023,New Brunswick,65 to 69 years,60706
2023,New Brunswick,70 to 74 years,50598
2023,New Brunswick,75 to 79 years,37640
2023,New Brunswick,80 to 84 years,22666
2023,New Brunswick,85 to 89 years,12367
2023,New Brunswick,65 years and older,191378
2023,New Brunswick,90 years and older,7401
2023,Quebec,All ages,8821696
2023,Quebec,65 to 69 years,574137
2023,Quebec,70 to 74 years,463502
2023,Quebec,75 to 79 years,363049
2023,Quebec,80 to 84 years,229499
2023,Quebec,85 to 89 years,129773
2023,Quebec,65 years and older,1847289
2023,Quebec,90 years and older,87329
2023,Ontario,All ages,15632481
2023,Ontario,65 to 69 years,881852
2023,Ontario,70 to 74 years,712808
2023,Ontario,75 to 79 years,552695
2023,Ontario,80 to 84 years,354076
2023,Ontario,85 to 89 years,215612
2023,Ontario,65 years and older,2859636
2023,Ontario,90 years and older,142593
2023,Manitoba,All ages,1453202
2023,Manitoba,65 to 69 years,77968
2023,Manitoba,70 to 74 years,61826
2023,Manitoba,75 to 79 years,46002
2023,Manitoba,80 to 84 years,28878
2023,Manitoba,85 to 89 years,17097
2023,Manitoba,65 years and older,243724
2023,Manitoba,90 years and older,11953
2023,Saskatchewan,All ages,1210257
2023,Saskatchewan,65 to 69 years,69887
2023,Saskatchewan,70 to 74 years,52702
2023,Saskatchewan,75 to 79 years,37384
2023,Saskatchewan,80 to 84 years,24565
2023,Saskatchewan,85 to 89 years,15588
2023,Saskatchewan,65 years and older,211510
2023,Saskatchewan,90 years and older,11384
2023,Alberta,All ages,4688576
2023,Alberta,65 to 69 years,244981
2023,Alberta,70 to 74 years,179464
2023,Alberta,75 to 79 years,127297
2023,Alberta,80 to 84 years,77515
2023,Alberta,85 to 89 years,46150
2023,Alberta,65 years and older,705070
2023,Alberta,90 years and older,29663
2023,British Columbia,All ages,5515296
2023,British Columbia,65 to 69 years,337831
2023,British Columbia,70 to 74 years,280706
2023,British Columbia,75 to 79 years,211411
2023,British Columbia,80 to 84 years,132452
2023,British Columbia,85 to 89 years,77769
2023,British Columbia,65 years and older,1090768
2023,British Columbia,90 years and older,50599
2024,Newfoundland and Labrador,All ages,546869
2024,Newfoundland and Labrador,65 to 69 years,42080
2024,Newfoundland and Labrador,70 to 74 years,37202
2024,Newfoundland and Labrador,75 to 79 years,28117
2024,Newfoundland and Labrador,80 to 84 years,15717
2024,Newfoundland and Labrador,85 to 89 years,7959
2024,Newfoundland and Labrador,65 years and older,134891
2024,Newfoundland and Labrador,90 years and older,3816
2024,Prince Edward Island,All ages,179709
2024,Prince Edward Island,65 to 69 years,11318
2024,Prince Edward Island,70 to 74 years,9600
2024,Prince Edward Island,75 to 79 years,7713
2024,Prince Edward Island,80 to 84 years,4332
2024,Prince Edward Island,85 to 89 years,2442
2024,Prince Edward Island,65 years and older,36849
2024,Prince Edward Island,90 years and older,1444
2024,Nova Scotia,All ages,1082769
2024,Nova Scotia,65 to 69 years,74825
2024,Nova Scotia,70 to 74 years,61680
2024,Nova Scotia,75 to 79 years,48925
2024,Nova Scotia,80 to 84 years,29109
2024,Nova Scotia,85 to 89 years,16052
2024,Nova Scotia,65 years and older,239758
2024,Nova Scotia,90 years and older,9167
2024,New Brunswick,All ages,858293
2024,New Brunswick,65 to 69 years,61315
2024,New Brunswick,70 to 74 years,51791
2024,New Brunswick,75 to 79 years,39974
2024,New Brunswick,80 to 84 years,23669
2024,New Brunswick,85 to 89 years,13017
2024,New Brunswick,65 years and older,197263
2024,New Brunswick,90 years and older,7497
2024,Quebec,All ages,8995474
2024,Quebec,65 to 69 years,587822
2024,Quebec,70 to 74 years,476319
2024,Quebec,75 to 79 years,378109
2024,Quebec,80 to 84 years,242452
2024,Quebec,85 to 89 years,133359
2024,Quebec,65 years and older,1906357
2024,Quebec,90 years and older,88296
2024,Ontario,All ages,16144797
2024,Ontario,65 to 69 years,909358
2024,Ontario,70 to 74 years,733627
2024,Ontario,75 to 79 years,582429
2024,Ontario,80 to 84 years,369225
2024,Ontario,85 to 89 years,223490
2024,Ontario,65 years and older,2964438
2024,Ontario,90 years and older,146309
2024,Manitoba,All ages,1492144
2024,Manitoba,65 to 69 years,79706
2024,Manitoba,70 to 74 years,64151
2024,Manitoba,75 to 79 years,48472
2024,Manitoba,80 to 84 years,30004
2024,Manitoba,85 to 89 years,17576
2024,Manitoba,65 years and older,251817
2024,Manitoba,90 years and older,11908
2024,Saskatchewan,All ages,1247868
2024,Saskatchewan,65 to 69 years,71428
2024,Saskatchewan,70 to 74 years,55396
2024,Saskatchewan,75 to 79 years,39433
2024,Saskatchewan,80 to 84 years,25260
2024,Saskatchewan,85 to 89 years,15653
2024,Saskatchewan,65 years and older,218531
2024,Saskatchewan,90 years and older,11361
2024,Alberta,All ages,4909030
2024,Alberta,65 to 69 years,255087
2024,Alberta,70 to 74 years,190881
2024,Alberta,75 to 79 years,136143
2024,Alberta,80 to 84 years,82244
2024,Alberta,85 to 89 years,47440
2024,Alberta,65 years and older,742451
2024,Alberta,90 years and older,30656
2024,British Columbia,All ages,5671114
2024,British Columbia,65 to 69 years,344356
2024,British Columbia,70 to 74 years,288616
2024,British Columbia,75 to 79 years,223410
2024,British Columbia,80 to 84 years,139772
2024,British Columbia,85 to 89 years,80915
2024,British Columbia,65 years and older,1129229
2024,British Columbia,90 years and older,52160
2025,Newfoundland and Labrador,All ages,549911
2025,Newfoundland and Labrador,65 to 69 years,42093
2025,Newfoundland and Labrador,70 to 74 years,37889
2025,Newfoundland and Labrador,75 to 79 years,29566
2025,Newfoundland and Labrador,80 to 84 years,16614
2025,Newfoundland and Labrador,85 to 89 years,8378
2025,Newfoundland and Labrador,65 years and older,138514
2025,Newfoundland and Labrador,90 years and older,3974
2025,Prince Edward Island,All ages,182657
2025,Prince Edward Island,65 to 69 years,11535
2025,Prince Edward Island,70 to 74 years,9845
2025,Prince Edward Island,75 to 79 years,8129
2025,Prince Edward Island,80 to 84 years,4555
2025,Prince Edward Island,85 to 89 years,2551
2025,Prince Edward Island,65 years and older,38105
2025,Prince Edward Island,90 years and older,1490
2025,Nova Scotia,All ages,1093245
2025,Nova Scotia,65 to 69 years,75926
2025,Nova Scotia,70 to 74 years,63415
2025,Nova Scotia,75 to 79 years,51004
2025,Nova Scotia,80 to 84 years,30465
2025,Nova Scotia,85 to 89 years,16576
2025,Nova Scotia,65 years and older,246752
2025,Nova Scotia,90 years and older,9366
2025,New Brunswick,All ages,869682
2025,New Brunswick,65 to 69 years,61635
2025,New Brunswick,70 to 74 years,53108
2025,New Brunswick,75 to 79 years,42021
2025,New Brunswick,80 to 84 years,24776
2025,New Brunswick,85 to 89 years,13566
2025,New Brunswick,65 years and older,202747
2025,New Brunswick,90 years and older,7641
2025,Quebec,All ages,9058297
2025,Quebec,65 to 69 years,597537
2025,Quebec,70 to 74 years,492296
2025,Quebec,75 to 79 years,390075
2025,Quebec,80 to 84 years,256104
2025,Quebec,85 to 89 years,139087
2025,Quebec,65 years and older,1964452
2025,Quebec,90 years and older,89353
2025,Ontario,All ages,16258260
2025,Ontario,65 to 69 years,933726
2025,Ontario,70 to 74 years,758729
2025,Ontario,75 to 79 years,611219
2025,Ontario,80 to 84 years,384050
2025,Ontario,85 to 89 years,231281
2025,Ontario,65 years and older,3069697
2025,Ontario,90 years and older,150692
2025,Manitoba,All ages,1509702
2025,Manitoba,65 to 69 years,81480
2025,Manitoba,70 to 74 years,66705
2025,Manitoba,75 to 79 years,50945
2025,Manitoba,80 to 84 years,31218
2025,Manitoba,85 to 89 years,18086
2025,Manitoba,65 years and older,260365
2025,Manitoba,90 years and older,11931
2025,Saskatchewan,All ages,1266959
2025,Saskatchewan,65 to 69 years,72430
2025,Saskatchewan,70 to 74 years,58513
2025,Saskatchewan,75 to 79 years,41586
2025,Saskatchewan,80 to 84 years,26019
2025,Saskatchewan,85 to 89 years,15892
2025,Saskatchewan,65 years and older,225759
2025,Saskatchewan,90 years and older,11319
2025,Alberta,All ages,5029346
2025,Alberta,65 to 69 years,263393
2025,Alberta,70 to 74 years,203021
2025,Alberta,75 to 79 years,145911
2025,Alberta,80 to 84 years,86482
2025,Alberta,85 to 89 years,49375
2025,Alberta,65 years and older,779999
2025,Alberta,90 years and older,31817
2025,British Columbia,All ages,5697536
2025,British Columbia,65 to 69 years,348798
2025,British Columbia,70 to 74 years,296904
2025,British Columbia,75 to 79 years,236422
2025,British Columbia,80 to 84 years,146580
2025,British Columbia,85 to 89 years,84409
2025,British Columbia,65 years and older,1167246
2025,British Columbia,90 years and older,54133
